pair,outcome,probe,unit,severity,series,n_numerical_initializations,mean,median,sd,minimum,maximum,ci95_lower_numerical,ci95_upper_numerical,t_statistic_vs_zero,p_value_vs_zero_numerical,paired_hedges_gz,positive_fraction,sign_consistent,hierarchy,analysis_status,all_quality_gates_passed,integration_step_status
expanded_bilateral,functional_connectivity,2Hz,Fisher-z difference,0.0,episodic_component,20,0.0,0.0,0.0,0.0,0.0,0.0,0.0,,,,0.0,False,confirmatory_secondary,descriptive_only_quality_gate_failed,False,exact_magnitude_precision_target_passed
expanded_bilateral,functional_connectivity,2Hz,Fisher-z difference,0.0,semantic_component,20,0.0,0.0,0.0,0.0,0.0,0.0,0.0,,,,0.0,False,confirmatory_secondary,descriptive_only_quality_gate_failed,False,exact_magnitude_precision_target_passed
expanded_bilateral,functional_connectivity,2Hz,Fisher-z difference,0.0,semantic_minus_episodic_interaction,20,0.0,0.0,0.0,0.0,0.0,0.0,0.0,,,,0.0,False,confirmatory_secondary,descriptive_only_quality_gate_failed,False,exact_magnitude_precision_target_passed
expanded_bilateral,functional_connectivity,2Hz,Fisher-z difference,0.5,episodic_component,20,-2.130006014206674,-2.1531087419691937,0.09055061403680052,-2.257988202417036,-1.9004860652274052,-2.172385006086065,-2.0876270223272826,-105.19725991728447,9.55401822776395e-28,-22.58190952528915,0.0,True,confirmatory_secondary,descriptive_only_quality_gate_failed,False,exact_magnitude_precision_target_passed
expanded_bilateral,functional_connectivity,2Hz,Fisher-z difference,0.5,semantic_component,20,-2.0681954415899835,-2.08602753587198,0.07935333074062943,-2.1816844703242686,-1.8859365750354593,-2.105333943574002,-2.031056939605965,-116.55781943838583,1.3653134858178786e-28,-25.020595927044198,0.0,True,confirmatory_secondary,descriptive_only_quality_gate_failed,False,exact_magnitude_precision_target_passed
expanded_bilateral,functional_connectivity,2Hz,Fisher-z difference,0.5,semantic_minus_episodic_interaction,20,0.06181057261669034,0.06591294473872465,0.018004240318708554,0.0145494901919458,0.0822964863768236,0.053384328770888556,0.07023681646249212,15.353343396054008,3.651812217472897e-12,3.295787473485527,1.0,True,confirmatory_secondary,descriptive_only_quality_gate_failed,False,exact_magnitude_precision_target_passed
expanded_bilateral,functional_connectivity,2Hz,Fisher-z difference,1.0,episodic_component,20,-2.1941718173771654,-2.196759244091495,0.0119998419793474,-2.2082877902647806,-2.153413433453326,-2.1997879162982623,-2.1885557184560684,-817.7303245182269,1.1622701619607817e-44,-175.53605691702896,0.0,True,confirmatory_secondary,descriptive_only_quality_gate_failed,False,exact_magnitude_precision_target_passed
expanded_bilateral,functional_connectivity,2Hz,Fisher-z difference,1.0,semantic_component,20,-2.1302053192131614,-2.130631141335023,0.004027300067438078,-2.1336375700550545,-2.115548998588733,-2.1320901536636985,-2.1283204847626243,-2365.4973903260097,1.9974244625088253e-53,-507.7836446752618,0.0,True,confirmatory_secondary,descriptive_only_quality_gate_failed,False,exact_magnitude_precision_target_passed
expanded_bilateral,functional_connectivity,2Hz,Fisher-z difference,1.0,semantic_minus_episodic_interaction,20,0.06396649816400365,0.06550764364521194,0.00839148642203688,0.0378644348645935,0.0758980907427915,0.06003916162721334,0.06789383470079398,34.09013158901327,1.664722270623948e-18,7.317873753114872,1.0,True,confirmatory_secondary,descriptive_only_quality_gate_failed,False,exact_magnitude_precision_target_passed
expanded_bilateral,functional_connectivity,5Hz,Fisher-z difference,0.0,episodic_component,20,0.0,0.0,0.0,0.0,0.0,0.0,0.0,,,,0.0,False,confirmatory_secondary,descriptive_only_quality_gate_failed,False,exact_magnitude_precision_target_passed
expanded_bilateral,functional_connectivity,5Hz,Fisher-z difference,0.0,semantic_component,20,0.0,0.0,0.0,0.0,0.0,0.0,0.0,,,,0.0,False,confirmatory_secondary,descriptive_only_quality_gate_failed,False,exact_magnitude_precision_target_passed
expanded_bilateral,functional_connectivity,5Hz,Fisher-z difference,0.0,semantic_minus_episodic_interaction,20,0.0,0.0,0.0,0.0,0.0,0.0,0.0,,,,0.0,False,confirmatory_secondary,descriptive_only_quality_gate_failed,False,exact_magnitude_precision_target_passed
expanded_bilateral,functional_connectivity,5Hz,Fisher-z difference,0.5,episodic_component,20,-1.2950333513653969,-1.3059731708766629,0.1142373984601497,-1.4065855961999083,-0.8741156151548454,-1.3484980995966784,-1.2415686031341153,-50.69762872431931,9.578667485437913e-22,-10.882881036059894,0.0,True,confirmatory_secondary,descriptive_only_quality_gate_failed,False,exact_magnitude_precision_target_passed
expanded_bilateral,functional_connectivity,5Hz,Fisher-z difference,0.5,semantic_component,20,-1.223540437446866,-1.2336176915887536,0.09404100839164338,-1.3151206672148117,-0.8904018978349086,-1.2675529841684106,-1.1795278907253213,-58.18567108419351,7.104206629262054e-23,-12.490283122627252,0.0,True,confirmatory_secondary,descriptive_only_quality_gate_failed,False,exact_magnitude_precision_target_passed
expanded_bilateral,functional_connectivity,5Hz,Fisher-z difference,0.5,semantic_minus_episodic_interaction,20,0.07149291391853083,0.0772916519058951,0.02359118025604507,-0.0162862826800632,0.0914649289850968,0.0604519016942528,0.08253392614280884,13.552778088786978,3.2330374672750253e-11,2.9092735766877467,0.95,False,confirmatory_secondary,descriptive_only_quality_gate_failed,False,exact_magnitude_precision_target_passed
expanded_bilateral,functional_connectivity,5Hz,Fisher-z difference,1.0,episodic_component,20,-1.3511631317611028,-1.3545821355621466,0.017444217749187876,-1.374410518537819,-1.289165269895843,-1.3593272769764486,-1.342998986545757,-346.3947371844735,1.4208038688200609e-37,-74.35796922169506,0.0,True,confirmatory_secondary,descriptive_only_quality_gate_failed,False,exact_magnitude_precision_target_passed
expanded_bilateral,functional_connectivity,5Hz,Fisher-z difference,1.0,semantic_component,20,-1.2823543746276163,-1.2832467546304915,0.010478943229720936,-1.299309009948246,-1.2660634881375747,-1.287258671023182,-1.2774500782320506,-547.2749474925715,2.3925204024653334e-41,-117.47942255769772,0.0,True,confirmatory_secondary,descriptive_only_quality_gate_failed,False,exact_magnitude_precision_target_passed
expanded_bilateral,functional_connectivity,5Hz,Fisher-z difference,1.0,semantic_minus_episodic_interaction,20,0.06880875713348647,0.06824557743219051,0.015573176257590478,0.0170326846701189,0.0958176358551206,0.061520286291217634,0.0760972279757553,19.75975303339373,3.9668039344348636e-14,4.241678496122501,1.0,True,confirmatory_secondary,descriptive_only_quality_gate_failed,False,exact_magnitude_precision_target_passed
expanded_bilateral,response_latency,pulse,ms,0.0,episodic_component,20,0.0,0.0,0.0,0.0,0.0,0.0,0.0,,,,0.0,False,confirmatory_secondary,descriptive_only_quality_gate_failed,False,direction_robust_exact_magnitude_dt_sensitive
expanded_bilateral,response_latency,pulse,ms,0.0,semantic_component,20,0.0,0.0,0.0,0.0,0.0,0.0,0.0,,,,0.0,False,confirmatory_secondary,descriptive_only_quality_gate_failed,False,direction_robust_exact_magnitude_dt_sensitive
expanded_bilateral,response_latency,pulse,ms,0.0,semantic_minus_episodic_interaction,20,0.0,0.0,0.0,0.0,0.0,0.0,0.0,,,,0.0,False,confirmatory_secondary,descriptive_only_quality_gate_failed,False,direction_robust_exact_magnitude_dt_sensitive
expanded_bilateral,response_latency,pulse,ms,0.5,episodic_component,16,696.5625,-20.5,1127.3503134193322,-66.0,2729.5,95.83992169405099,1297.285078305949,2.4715032823729026,0.025921734015251347,0.5864584059867904,0.4375,False,confirmatory_secondary,descriptive_only_quality_gate_failed,False,direction_robust_exact_magnitude_dt_sensitive
expanded_bilateral,response_latency,pulse,ms,0.5,semantic_component,18,997.1944444444445,169.5,1089.900078243669,62.5,2589.5,455.1998865877367,1539.1890023011522,3.881766601748463,0.0011981685246749553,0.8739736476273987,1.0,True,confirmatory_secondary,descriptive_only_quality_gate_failed,False,direction_robust_exact_magnitude_dt_sensitive
expanded_bilateral,response_latency,pulse,ms,0.5,semantic_minus_episodic_interaction,16,126.125,123.5,185.18571759182726,-140.0,716.0,27.446496598705664,224.80350340129434,2.724292167671277,0.015675663830636344,0.6464422092779302,0.75,False,confirmatory_secondary,descriptive_only_quality_gate_failed,False,direction_robust_exact_magnitude_dt_sensitive
expanded_bilateral,response_latency,pulse,ms,1.0,episodic_component,20,165.575,162.5,55.96998138099989,93.0,333.0,139.38024238663795,191.76975761336203,13.229840219321991,4.902791033777581e-11,2.8399509179390106,1.0,True,confirmatory_secondary,descriptive_only_quality_gate_failed,False,direction_robust_exact_magnitude_dt_sensitive
expanded_bilateral,response_latency,pulse,ms,1.0,semantic_component,20,529.05,549.25,99.80374162377512,336.0,690.5,482.3404111054628,575.759588894537,23.706360989064418,1.4187986819736769e-15,5.08886732838693,1.0,True,confirmatory_secondary,descriptive_only_quality_gate_failed,False,direction_robust_exact_magnitude_dt_sensitive
expanded_bilateral,response_latency,pulse,ms,1.0,semantic_minus_episodic_interaction,20,363.475,352.75,100.91638996296834,216.0,536.0,316.2446756534413,410.70532434655877,16.107488752223095,1.5622059440819813e-12,3.4576742204912745,1.0,True,confirmatory_secondary,descriptive_only_quality_gate_failed,False,direction_robust_exact_magnitude_dt_sensitive
expanded_bilateral,transfer_gain,2Hz,log2 ratio,0.0,episodic_component,20,0.0,0.0,0.0,0.0,0.0,0.0,0.0,,,,0.0,False,confirmatory_primary,direction_robust_exact_magnitude_descriptive_only,True,direction_robust_exact_magnitude_dt_sensitive
expanded_bilateral,transfer_gain,2Hz,log2 ratio,0.0,semantic_component,20,0.0,0.0,0.0,0.0,0.0,0.0,0.0,,,,0.0,False,confirmatory_primary,direction_robust_exact_magnitude_descriptive_only,True,direction_robust_exact_magnitude_dt_sensitive
expanded_bilateral,transfer_gain,2Hz,log2 ratio,0.0,semantic_minus_episodic_interaction,20,0.0,0.0,0.0,0.0,0.0,0.0,0.0,,,,0.0,False,confirmatory_primary,direction_robust_exact_magnitude_descriptive_only,True,direction_robust_exact_magnitude_dt_sensitive
expanded_bilateral,transfer_gain,2Hz,log2 ratio,0.5,episodic_component,20,8.466050754771459,8.701960211991633,1.179029197217995,5.436166331381395,10.308078210032471,7.914248104883736,9.017853404659181,32.11229210150294,5.0876070310917325e-18,6.893305733019854,1.0,True,confirmatory_primary,direction_robust_exact_magnitude_descriptive_only,True,direction_robust_exact_magnitude_dt_sensitive
expanded_bilateral,transfer_gain,2Hz,log2 ratio,0.5,semantic_component,20,10.066119716079834,10.172405530259983,1.4967469974647145,6.143982678699211,11.899826680638052,9.365620558500604,10.766618873659064,30.076596770104466,1.725783065717005e-17,6.456318231341202,1.0,True,confirmatory_primary,direction_robust_exact_magnitude_descriptive_only,True,direction_robust_exact_magnitude_dt_sensitive
expanded_bilateral,transfer_gain,2Hz,log2 ratio,0.5,semantic_minus_episodic_interaction,20,1.6000689613083736,1.6316978376059916,0.4126646955306689,0.7078163473178156,2.312119188754721,1.406935938779135,1.7932019838376123,17.340291064017617,4.18935732326092e-13,3.7223106786024522,1.0,True,confirmatory_primary,direction_robust_exact_magnitude_descriptive_only,True,direction_robust_exact_magnitude_dt_sensitive
expanded_bilateral,transfer_gain,2Hz,log2 ratio,1.0,episodic_component,20,7.76449915741826,7.828075751451617,0.5214916498506341,6.912025304221911,8.899958765548142,7.520433552460476,8.008564762376043,66.58571784303695,5.545837414410938e-24,14.29345837705452,1.0,True,confirmatory_primary,direction_robust_exact_magnitude_descriptive_only,True,direction_robust_exact_magnitude_dt_sensitive
expanded_bilateral,transfer_gain,2Hz,log2 ratio,1.0,semantic_component,20,9.997671831933785,9.925655819745417,0.1386459355390896,9.853108243356363,10.355029883676712,9.932783536709925,10.062560127157644,322.48293101438856,5.5292338283369945e-37,69.2250005118286,1.0,True,confirmatory_primary,direction_robust_exact_magnitude_descriptive_only,True,direction_robust_exact_magnitude_dt_sensitive
expanded_bilateral,transfer_gain,2Hz,log2 ratio,1.0,semantic_minus_episodic_interaction,20,2.2331726745155254,2.227456770843384,0.43964542944433876,1.4550711181285705,2.9709286357418643,2.027412279818907,2.4389330692121436,22.716150658147267,3.108577754965583e-15,4.876306277639412,1.0,True,confirmatory_primary,direction_robust_exact_magnitude_descriptive_only,True,direction_robust_exact_magnitude_dt_sensitive
expanded_bilateral,transfer_gain,5Hz,log2 ratio,0.0,episodic_component,20,0.0,0.0,0.0,0.0,0.0,0.0,0.0,,,,0.0,False,confirmatory_primary,direction_robust_exact_magnitude_descriptive_only,True,direction_robust_exact_magnitude_dt_sensitive
expanded_bilateral,transfer_gain,5Hz,log2 ratio,0.0,semantic_component,20,0.0,0.0,0.0,0.0,0.0,0.0,0.0,,,,0.0,False,confirmatory_primary,direction_robust_exact_magnitude_descriptive_only,True,direction_robust_exact_magnitude_dt_sensitive
expanded_bilateral,transfer_gain,5Hz,log2 ratio,0.0,semantic_minus_episodic_interaction,20,0.0,0.0,0.0,0.0,0.0,0.0,0.0,,,,0.0,False,confirmatory_primary,direction_robust_exact_magnitude_descriptive_only,True,direction_robust_exact_magnitude_dt_sensitive
expanded_bilateral,transfer_gain,5Hz,log2 ratio,0.5,episodic_component,20,7.81956435044251,7.853558892859757,1.1835173989735543,5.1503948431592805,9.976790522814722,7.265661157474267,8.373467543410754,29.547647473857115,2.401468881069664e-17,6.342772639367467,1.0,True,confirmatory_primary,direction_robust_exact_magnitude_descriptive_only,True,direction_robust_exact_magnitude_dt_sensitive
expanded_bilateral,transfer_gain,5Hz,log2 ratio,0.5,semantic_component,20,9.38880699001708,9.538931800170051,1.4458792705274155,5.892055001379604,11.596094500081309,8.712114661466341,10.06549931856782,29.039783729170367,3.31578258548759e-17,6.2337533251504595,1.0,True,confirmatory_primary,direction_robust_exact_magnitude_descriptive_only,True,direction_robust_exact_magnitude_dt_sensitive
expanded_bilateral,transfer_gain,5Hz,log2 ratio,0.5,semantic_minus_episodic_interaction,20,1.5692426395745718,1.6275333427982077,0.3954545893913457,0.7416601582203235,2.201263931498037,1.3841641946545522,1.7543210844945913,17.746326933166376,2.7652775723762977e-13,3.8094713638555566,1.0,True,confirmatory_primary,direction_robust_exact_magnitude_descriptive_only,True,direction_robust_exact_magnitude_dt_sensitive
expanded_bilateral,transfer_gain,5Hz,log2 ratio,1.0,episodic_component,20,6.952541996289069,6.844649805644217,0.6808943756007809,6.055216089371301,8.867389428502245,6.633873619257614,7.271210373320524,45.664517367784875,6.876556173566618e-21,9.802460639432327,1.0,True,confirmatory_primary,direction_robust_exact_magnitude_descriptive_only,True,direction_robust_exact_magnitude_dt_sensitive
expanded_bilateral,transfer_gain,5Hz,log2 ratio,1.0,semantic_component,20,9.124984040984248,9.034807028884432,0.23008698976063544,8.886688900867098,9.81348831512221,9.01730001504648,9.232668066922017,177.35974233456943,4.7248946106974544e-32,38.07249027186667,1.0,True,confirmatory_primary,direction_robust_exact_magnitude_descriptive_only,True,direction_robust_exact_magnitude_dt_sensitive
expanded_bilateral,transfer_gain,5Hz,log2 ratio,1.0,semantic_minus_episodic_interaction,20,2.1724420446951784,2.260783520543741,0.5347528652437686,0.946098886619966,2.940060682245458,1.9221699998867703,2.422714089503587,18.168123650548917,1.8121105911215987e-13,3.9000153125999053,1.0,True,confirmatory_primary,direction_robust_exact_magnitude_descriptive_only,True,direction_robust_exact_magnitude_dt_sensitive
