severity,seed,probe,network,metric,difference,old_pointwise_tolerance,within_old_pointwise_tolerance
0.0,11,2Hz,episodic_expanded,a1_snr_db,0.00013118265621869796,1.0,True
0.0,11,2Hz,semantic_expanded,a1_snr_db,0.00013118265621869796,1.0,True
0.0,23,2Hz,episodic_expanded,a1_snr_db,0.00013120143893985414,1.0,True
0.0,23,2Hz,semantic_expanded,a1_snr_db,0.00013120143893985414,1.0,True
0.0,37,2Hz,episodic_expanded,a1_snr_db,0.00013117528818895607,1.0,True
0.0,37,2Hz,semantic_expanded,a1_snr_db,0.00013117528818895607,1.0,True
0.0,53,2Hz,episodic_expanded,a1_snr_db,0.00013116681042291134,1.0,True
0.0,53,2Hz,semantic_expanded,a1_snr_db,0.00013116681042291134,1.0,True
0.0,71,2Hz,episodic_expanded,a1_snr_db,0.00013117811304752536,1.0,True
0.0,71,2Hz,semantic_expanded,a1_snr_db,0.00013117811304752536,1.0,True
0.0,89,2Hz,episodic_expanded,a1_snr_db,0.00013117541466201033,1.0,True
0.0,89,2Hz,semantic_expanded,a1_snr_db,0.00013117541466201033,1.0,True
0.0,107,2Hz,episodic_expanded,a1_snr_db,0.00013105173306016127,1.0,True
0.0,107,2Hz,semantic_expanded,a1_snr_db,0.00013105173306016127,1.0,True
0.0,127,2Hz,episodic_expanded,a1_snr_db,0.0001311894944251435,1.0,True
0.0,127,2Hz,semantic_expanded,a1_snr_db,0.0001311894944251435,1.0,True
0.0,149,2Hz,episodic_expanded,a1_snr_db,0.00013117277091367896,1.0,True
0.0,149,2Hz,semantic_expanded,a1_snr_db,0.00013117277091367896,1.0,True
0.0,173,2Hz,episodic_expanded,a1_snr_db,0.0001311872941727188,1.0,True
0.0,173,2Hz,semantic_expanded,a1_snr_db,0.0001311872941727188,1.0,True
0.0,197,2Hz,episodic_expanded,a1_snr_db,0.00013102725941749327,1.0,True
0.0,197,2Hz,semantic_expanded,a1_snr_db,0.00013102725941749327,1.0,True
0.0,223,2Hz,episodic_expanded,a1_snr_db,0.00013106217060965264,1.0,True
0.0,223,2Hz,semantic_expanded,a1_snr_db,0.00013106217060965264,1.0,True
0.0,251,2Hz,episodic_expanded,a1_snr_db,0.00013118614449680877,1.0,True
0.0,251,2Hz,semantic_expanded,a1_snr_db,0.00013118614449680877,1.0,True
0.0,281,2Hz,episodic_expanded,a1_snr_db,0.00013121150195871678,1.0,True
0.0,281,2Hz,semantic_expanded,a1_snr_db,0.00013121150195871678,1.0,True
0.0,313,2Hz,episodic_expanded,a1_snr_db,0.00013118399288103433,1.0,True
0.0,313,2Hz,semantic_expanded,a1_snr_db,0.00013118399288103433,1.0,True
0.0,347,2Hz,episodic_expanded,a1_snr_db,0.0001311635484064766,1.0,True
0.0,347,2Hz,semantic_expanded,a1_snr_db,0.0001311635484064766,1.0,True
0.0,383,2Hz,episodic_expanded,a1_snr_db,0.0001311657560378876,1.0,True
0.0,383,2Hz,semantic_expanded,a1_snr_db,0.0001311657560378876,1.0,True
0.0,421,2Hz,episodic_expanded,a1_snr_db,0.00013117844152787939,1.0,True
0.0,421,2Hz,semantic_expanded,a1_snr_db,0.00013117844152787939,1.0,True
0.0,461,2Hz,episodic_expanded,a1_snr_db,0.00013118165488279487,1.0,True
0.0,461,2Hz,semantic_expanded,a1_snr_db,0.00013118165488279487,1.0,True
0.0,503,2Hz,episodic_expanded,a1_snr_db,0.00013117805926299297,1.0,True
0.0,503,2Hz,semantic_expanded,a1_snr_db,0.00013117805926299297,1.0,True
1.0,11,2Hz,episodic_expanded,a1_snr_db,0.0011802392276685225,1.0,True
1.0,11,2Hz,semantic_expanded,a1_snr_db,0.0011802392276685225,1.0,True
1.0,23,2Hz,episodic_expanded,a1_snr_db,0.008538900724850862,1.0,True
1.0,23,2Hz,semantic_expanded,a1_snr_db,0.008538900724850862,1.0,True
1.0,37,2Hz,episodic_expanded,a1_snr_db,0.04625766894405814,1.0,True
1.0,37,2Hz,semantic_expanded,a1_snr_db,0.04625766894405814,1.0,True
1.0,53,2Hz,episodic_expanded,a1_snr_db,0.008151638286811647,1.0,True
1.0,53,2Hz,semantic_expanded,a1_snr_db,0.008151638286811647,1.0,True
1.0,71,2Hz,episodic_expanded,a1_snr_db,0.005776483111347375,1.0,True
1.0,71,2Hz,semantic_expanded,a1_snr_db,0.005776483111347375,1.0,True
1.0,89,2Hz,episodic_expanded,a1_snr_db,0.0002240614210649028,1.0,True
1.0,89,2Hz,semantic_expanded,a1_snr_db,0.0002240614210649028,1.0,True
1.0,107,2Hz,episodic_expanded,a1_snr_db,0.002821559041816357,1.0,True
1.0,107,2Hz,semantic_expanded,a1_snr_db,0.002821559041816357,1.0,True
1.0,127,2Hz,episodic_expanded,a1_snr_db,0.008840063139384569,1.0,True
1.0,127,2Hz,semantic_expanded,a1_snr_db,0.008840063139384569,1.0,True
1.0,149,2Hz,episodic_expanded,a1_snr_db,0.013404480384259898,1.0,True
1.0,149,2Hz,semantic_expanded,a1_snr_db,0.013404480384259898,1.0,True
1.0,173,2Hz,episodic_expanded,a1_snr_db,0.035953045393355865,1.0,True
1.0,173,2Hz,semantic_expanded,a1_snr_db,0.035953045393355865,1.0,True
1.0,197,2Hz,episodic_expanded,a1_snr_db,0.009708042082682056,1.0,True
1.0,197,2Hz,semantic_expanded,a1_snr_db,0.009708042082682056,1.0,True
1.0,223,2Hz,episodic_expanded,a1_snr_db,0.020496715353136352,1.0,True
1.0,223,2Hz,semantic_expanded,a1_snr_db,0.020496715353136352,1.0,True
1.0,251,2Hz,episodic_expanded,a1_snr_db,0.0025361736796334355,1.0,True
1.0,251,2Hz,semantic_expanded,a1_snr_db,0.0025361736796334355,1.0,True
1.0,281,2Hz,episodic_expanded,a1_snr_db,0.00041432462525392566,1.0,True
1.0,281,2Hz,semantic_expanded,a1_snr_db,0.00041432462525392566,1.0,True
1.0,313,2Hz,episodic_expanded,a1_snr_db,0.06618668183147491,1.0,True
1.0,313,2Hz,semantic_expanded,a1_snr_db,0.06618668183147491,1.0,True
1.0,347,2Hz,episodic_expanded,a1_snr_db,0.01176727868448424,1.0,True
1.0,347,2Hz,semantic_expanded,a1_snr_db,0.01176727868448424,1.0,True
1.0,383,2Hz,episodic_expanded,a1_snr_db,0.01820086425531997,1.0,True
1.0,383,2Hz,semantic_expanded,a1_snr_db,0.01820086425531997,1.0,True
1.0,421,2Hz,episodic_expanded,a1_snr_db,0.024530655989352113,1.0,True
1.0,421,2Hz,semantic_expanded,a1_snr_db,0.024530655989352113,1.0,True
1.0,461,2Hz,episodic_expanded,a1_snr_db,0.0013861181388357124,1.0,True
1.0,461,2Hz,semantic_expanded,a1_snr_db,0.0013861181388357124,1.0,True
1.0,503,2Hz,episodic_expanded,a1_snr_db,0.004628390934694693,1.0,True
1.0,503,2Hz,semantic_expanded,a1_snr_db,0.004628390934694693,1.0,True
0.0,11,5Hz,episodic_expanded,a1_snr_db,9.496665148134298e-05,1.0,True
0.0,11,5Hz,semantic_expanded,a1_snr_db,9.496665148134298e-05,1.0,True
0.0,23,5Hz,episodic_expanded,a1_snr_db,9.508657013412858e-05,1.0,True
0.0,23,5Hz,semantic_expanded,a1_snr_db,9.508657013412858e-05,1.0,True
0.0,37,5Hz,episodic_expanded,a1_snr_db,9.492167682267905e-05,1.0,True
0.0,37,5Hz,semantic_expanded,a1_snr_db,9.492167682267905e-05,1.0,True
0.0,53,5Hz,episodic_expanded,a1_snr_db,9.483873682825106e-05,1.0,True
0.0,53,5Hz,semantic_expanded,a1_snr_db,9.483873682825106e-05,1.0,True
0.0,71,5Hz,episodic_expanded,a1_snr_db,9.487963990295611e-05,1.0,True
0.0,71,5Hz,semantic_expanded,a1_snr_db,9.487963990295611e-05,1.0,True
0.0,89,5Hz,episodic_expanded,a1_snr_db,9.490539414969135e-05,1.0,True
0.0,89,5Hz,semantic_expanded,a1_snr_db,9.490539414969135e-05,1.0,True
0.0,107,5Hz,episodic_expanded,a1_snr_db,9.46661265643911e-05,1.0,True
0.0,107,5Hz,semantic_expanded,a1_snr_db,9.46661265643911e-05,1.0,True
0.0,127,5Hz,episodic_expanded,a1_snr_db,9.491512618353681e-05,1.0,True
0.0,127,5Hz,semantic_expanded,a1_snr_db,9.491512618353681e-05,1.0,True
0.0,149,5Hz,episodic_expanded,a1_snr_db,9.490856668747938e-05,1.0,True
0.0,149,5Hz,semantic_expanded,a1_snr_db,9.490856668747938e-05,1.0,True
0.0,173,5Hz,episodic_expanded,a1_snr_db,9.494597100001556e-05,1.0,True
0.0,173,5Hz,semantic_expanded,a1_snr_db,9.494597100001556e-05,1.0,True
0.0,197,5Hz,episodic_expanded,a1_snr_db,9.459849151838284e-05,1.0,True
0.0,197,5Hz,semantic_expanded,a1_snr_db,9.459849151838284e-05,1.0,True
0.0,223,5Hz,episodic_expanded,a1_snr_db,9.47668589574846e-05,1.0,True
0.0,223,5Hz,semantic_expanded,a1_snr_db,9.47668589574846e-05,1.0,True
0.0,251,5Hz,episodic_expanded,a1_snr_db,9.493227958401462e-05,1.0,True
0.0,251,5Hz,semantic_expanded,a1_snr_db,9.493227958401462e-05,1.0,True
0.0,281,5Hz,episodic_expanded,a1_snr_db,9.492746471195801e-05,1.0,True
0.0,281,5Hz,semantic_expanded,a1_snr_db,9.492746471195801e-05,1.0,True
0.0,313,5Hz,episodic_expanded,a1_snr_db,9.501312579018872e-05,1.0,True
0.0,313,5Hz,semantic_expanded,a1_snr_db,9.501312579018872e-05,1.0,True
0.0,347,5Hz,episodic_expanded,a1_snr_db,9.506546611603994e-05,1.0,True
0.0,347,5Hz,semantic_expanded,a1_snr_db,9.506546611603994e-05,1.0,True
0.0,383,5Hz,episodic_expanded,a1_snr_db,9.508676176039899e-05,1.0,True
0.0,383,5Hz,semantic_expanded,a1_snr_db,9.508676176039899e-05,1.0,True
0.0,421,5Hz,episodic_expanded,a1_snr_db,9.48803140907728e-05,1.0,True
0.0,421,5Hz,semantic_expanded,a1_snr_db,9.48803140907728e-05,1.0,True
0.0,461,5Hz,episodic_expanded,a1_snr_db,9.498303231225691e-05,1.0,True
0.0,461,5Hz,semantic_expanded,a1_snr_db,9.498303231225691e-05,1.0,True
0.0,503,5Hz,episodic_expanded,a1_snr_db,9.49199499586939e-05,1.0,True
0.0,503,5Hz,semantic_expanded,a1_snr_db,9.49199499586939e-05,1.0,True
1.0,11,5Hz,episodic_expanded,a1_snr_db,0.0029851182627780304,1.0,True
1.0,11,5Hz,semantic_expanded,a1_snr_db,0.0029851182627780304,1.0,True
1.0,23,5Hz,episodic_expanded,a1_snr_db,0.00034423240008862876,1.0,True
1.0,23,5Hz,semantic_expanded,a1_snr_db,0.00034423240008862876,1.0,True
1.0,37,5Hz,episodic_expanded,a1_snr_db,0.020264111739191293,1.0,True
1.0,37,5Hz,semantic_expanded,a1_snr_db,0.020264111739191293,1.0,True
1.0,53,5Hz,episodic_expanded,a1_snr_db,0.0002321221100345383,1.0,True
1.0,53,5Hz,semantic_expanded,a1_snr_db,0.0002321221100345383,1.0,True
1.0,71,5Hz,episodic_expanded,a1_snr_db,0.04027442675016957,1.0,True
1.0,71,5Hz,semantic_expanded,a1_snr_db,0.04027442675016957,1.0,True
1.0,89,5Hz,episodic_expanded,a1_snr_db,0.00964819121784899,1.0,True
1.0,89,5Hz,semantic_expanded,a1_snr_db,0.00964819121784899,1.0,True
1.0,107,5Hz,episodic_expanded,a1_snr_db,0.215961403257122,1.0,True
1.0,107,5Hz,semantic_expanded,a1_snr_db,0.215961403257122,1.0,True
1.0,127,5Hz,episodic_expanded,a1_snr_db,0.007775073882218209,1.0,True
1.0,127,5Hz,semantic_expanded,a1_snr_db,0.007775073882218209,1.0,True
1.0,149,5Hz,episodic_expanded,a1_snr_db,0.00756353625741113,1.0,True
1.0,149,5Hz,semantic_expanded,a1_snr_db,0.00756353625741113,1.0,True
1.0,173,5Hz,episodic_expanded,a1_snr_db,0.02336916052737692,1.0,True
1.0,173,5Hz,semantic_expanded,a1_snr_db,0.02336916052737692,1.0,True
1.0,197,5Hz,episodic_expanded,a1_snr_db,0.004152071361435361,1.0,True
1.0,197,5Hz,semantic_expanded,a1_snr_db,0.004152071361435361,1.0,True
1.0,223,5Hz,episodic_expanded,a1_snr_db,0.026564411961043533,1.0,True
1.0,223,5Hz,semantic_expanded,a1_snr_db,0.026564411961043533,1.0,True
1.0,251,5Hz,episodic_expanded,a1_snr_db,0.027476633318190835,1.0,True
1.0,251,5Hz,semantic_expanded,a1_snr_db,0.027476633318190835,1.0,True
1.0,281,5Hz,episodic_expanded,a1_snr_db,0.005362781982931608,1.0,True
1.0,281,5Hz,semantic_expanded,a1_snr_db,0.005362781982931608,1.0,True
1.0,313,5Hz,episodic_expanded,a1_snr_db,0.09413059268482371,1.0,True
1.0,313,5Hz,semantic_expanded,a1_snr_db,0.09413059268482371,1.0,True
1.0,347,5Hz,episodic_expanded,a1_snr_db,0.028876814860918643,1.0,True
1.0,347,5Hz,semantic_expanded,a1_snr_db,0.028876814860918643,1.0,True
1.0,383,5Hz,episodic_expanded,a1_snr_db,0.14230853390926512,1.0,True
1.0,383,5Hz,semantic_expanded,a1_snr_db,0.14230853390926512,1.0,True
1.0,421,5Hz,episodic_expanded,a1_snr_db,0.050382134500011944,1.0,True
1.0,421,5Hz,semantic_expanded,a1_snr_db,0.050382134500011944,1.0,True
1.0,461,5Hz,episodic_expanded,a1_snr_db,0.00710137195221705,1.0,True
1.0,461,5Hz,semantic_expanded,a1_snr_db,0.00710137195221705,1.0,True
1.0,503,5Hz,episodic_expanded,a1_snr_db,0.031506120090394774,1.0,True
1.0,503,5Hz,semantic_expanded,a1_snr_db,0.031506120090394774,1.0,True
0.0,11,2Hz,episodic_expanded,functional_connectivity,0.008520956342797259,0.05,True
0.0,11,2Hz,semantic_expanded,functional_connectivity,0.009565106195347006,0.05,True
0.0,23,2Hz,episodic_expanded,functional_connectivity,0.0085204760961477,0.05,True
0.0,23,2Hz,semantic_expanded,functional_connectivity,0.009575917699201408,0.05,True
0.0,37,2Hz,episodic_expanded,functional_connectivity,0.008532417904781653,0.05,True
0.0,37,2Hz,semantic_expanded,functional_connectivity,0.009604216713730906,0.05,True
0.0,53,2Hz,episodic_expanded,functional_connectivity,0.008518377031330182,0.05,True
0.0,53,2Hz,semantic_expanded,functional_connectivity,0.009563059505916183,0.05,True
0.0,71,2Hz,episodic_expanded,functional_connectivity,0.008529824281302112,0.05,True
0.0,71,2Hz,semantic_expanded,functional_connectivity,0.009592234955776657,0.05,True
0.0,89,2Hz,episodic_expanded,functional_connectivity,0.008514259798287682,0.05,True
0.0,89,2Hz,semantic_expanded,functional_connectivity,0.00954628014536496,0.05,True
0.0,107,2Hz,episodic_expanded,functional_connectivity,0.00851767718610752,0.05,True
0.0,107,2Hz,semantic_expanded,functional_connectivity,0.009539251528345893,0.05,True
0.0,127,2Hz,episodic_expanded,functional_connectivity,0.008518569391260833,0.05,True
0.0,127,2Hz,semantic_expanded,functional_connectivity,0.009576597646681506,0.05,True
0.0,149,2Hz,episodic_expanded,functional_connectivity,0.008534244992152829,0.05,True
0.0,149,2Hz,semantic_expanded,functional_connectivity,0.009615151809776012,0.05,True
0.0,173,2Hz,episodic_expanded,functional_connectivity,0.008522515137863174,0.05,True
0.0,173,2Hz,semantic_expanded,functional_connectivity,0.009561557127302223,0.05,True
0.0,197,2Hz,episodic_expanded,functional_connectivity,0.008511836308144005,0.05,True
0.0,197,2Hz,semantic_expanded,functional_connectivity,0.009508580140608736,0.05,True
0.0,223,2Hz,episodic_expanded,functional_connectivity,0.00851873833285266,0.05,True
0.0,223,2Hz,semantic_expanded,functional_connectivity,0.009555364219830498,0.05,True
0.0,251,2Hz,episodic_expanded,functional_connectivity,0.008523751655585166,0.05,True
0.0,251,2Hz,semantic_expanded,functional_connectivity,0.009575500967846207,0.05,True
0.0,281,2Hz,episodic_expanded,functional_connectivity,0.008529719323532525,0.05,True
0.0,281,2Hz,semantic_expanded,functional_connectivity,0.009603772770492291,0.05,True
0.0,313,2Hz,episodic_expanded,functional_connectivity,0.008519411972565116,0.05,True
0.0,313,2Hz,semantic_expanded,functional_connectivity,0.009557731306181871,0.05,True
0.0,347,2Hz,episodic_expanded,functional_connectivity,0.00852621821748567,0.05,True
0.0,347,2Hz,semantic_expanded,functional_connectivity,0.009617068255125982,0.05,True
0.0,383,2Hz,episodic_expanded,functional_connectivity,0.008532759307087634,0.05,True
0.0,383,2Hz,semantic_expanded,functional_connectivity,0.009654583538662997,0.05,True
0.0,421,2Hz,episodic_expanded,functional_connectivity,0.008517730396604417,0.05,True
0.0,421,2Hz,semantic_expanded,functional_connectivity,0.009567692796593086,0.05,True
0.0,461,2Hz,episodic_expanded,functional_connectivity,0.008524771745034077,0.05,True
0.0,461,2Hz,semantic_expanded,functional_connectivity,0.00958964978679111,0.05,True
0.0,503,2Hz,episodic_expanded,functional_connectivity,0.00852597951423828,0.05,True
0.0,503,2Hz,semantic_expanded,functional_connectivity,0.009581870947616089,0.05,True
1.0,11,2Hz,episodic_expanded,functional_connectivity,0.0017333862385133236,0.05,True
1.0,11,2Hz,semantic_expanded,functional_connectivity,0.0008506081327968665,0.05,True
1.0,23,2Hz,episodic_expanded,functional_connectivity,0.0032021221599611085,0.05,True
1.0,23,2Hz,semantic_expanded,functional_connectivity,0.00020859138596284084,0.05,True
1.0,37,2Hz,episodic_expanded,functional_connectivity,0.0009269615165473921,0.05,True
1.0,37,2Hz,semantic_expanded,functional_connectivity,6.36188046471732e-05,0.05,True
1.0,53,2Hz,episodic_expanded,functional_connectivity,0.0005025554302317096,0.05,True
1.0,53,2Hz,semantic_expanded,functional_connectivity,0.0012521130850059077,0.05,True
1.0,71,2Hz,episodic_expanded,functional_connectivity,0.00924251845806668,0.05,True
1.0,71,2Hz,semantic_expanded,functional_connectivity,0.0009481845027332694,0.05,True
1.0,89,2Hz,episodic_expanded,functional_connectivity,0.0008745957586882638,0.05,True
1.0,89,2Hz,semantic_expanded,functional_connectivity,0.00046443723314033847,0.05,True
1.0,107,2Hz,episodic_expanded,functional_connectivity,0.003089193521397953,0.05,True
1.0,107,2Hz,semantic_expanded,functional_connectivity,0.0006752718055922247,0.05,True
1.0,127,2Hz,episodic_expanded,functional_connectivity,0.008489744491148254,0.05,True
1.0,127,2Hz,semantic_expanded,functional_connectivity,0.0007917326241312396,0.05,True
1.0,149,2Hz,episodic_expanded,functional_connectivity,0.0036599565203853657,0.05,True
1.0,149,2Hz,semantic_expanded,functional_connectivity,0.0006021530890475257,0.05,True
1.0,173,2Hz,episodic_expanded,functional_connectivity,0.01438018359091467,0.05,True
1.0,173,2Hz,semantic_expanded,functional_connectivity,0.005438377573735942,0.05,True
1.0,197,2Hz,episodic_expanded,functional_connectivity,0.008093371371414873,0.05,True
1.0,197,2Hz,semantic_expanded,functional_connectivity,0.0026387037056703876,0.05,True
1.0,223,2Hz,episodic_expanded,functional_connectivity,0.007855644378665344,0.05,True
1.0,223,2Hz,semantic_expanded,functional_connectivity,0.002134112507437131,0.05,True
1.0,251,2Hz,episodic_expanded,functional_connectivity,0.006750428416065782,0.05,True
1.0,251,2Hz,semantic_expanded,functional_connectivity,0.0011893714047145863,0.05,True
1.0,281,2Hz,episodic_expanded,functional_connectivity,0.0018863041695417818,0.05,True
1.0,281,2Hz,semantic_expanded,functional_connectivity,0.0013534147482154764,0.05,True
1.0,313,2Hz,episodic_expanded,functional_connectivity,0.031386266886010865,0.05,True
1.0,313,2Hz,semantic_expanded,functional_connectivity,0.007219817353017011,0.05,True
1.0,347,2Hz,episodic_expanded,functional_connectivity,0.00381303299412869,0.05,True
1.0,347,2Hz,semantic_expanded,functional_connectivity,0.004417291900000552,0.05,True
1.0,383,2Hz,episodic_expanded,functional_connectivity,0.053586156955724606,0.05,False
1.0,383,2Hz,semantic_expanded,functional_connectivity,0.010852351009644656,0.05,True
1.0,421,2Hz,episodic_expanded,functional_connectivity,0.01670882009509781,0.05,True
1.0,421,2Hz,semantic_expanded,functional_connectivity,0.0020967824171926053,0.05,True
1.0,461,2Hz,episodic_expanded,functional_connectivity,0.00025350116132355147,0.05,True
1.0,461,2Hz,semantic_expanded,functional_connectivity,0.002757666815563312,0.05,True
1.0,503,2Hz,episodic_expanded,functional_connectivity,0.0011392258781026884,0.05,True
1.0,503,2Hz,semantic_expanded,functional_connectivity,0.001870914738337965,0.05,True
0.0,11,5Hz,episodic_expanded,functional_connectivity,0.009473099176704025,0.05,True
0.0,11,5Hz,semantic_expanded,functional_connectivity,0.009533096861863877,0.05,True
0.0,23,5Hz,episodic_expanded,functional_connectivity,0.009475251418489261,0.05,True
0.0,23,5Hz,semantic_expanded,functional_connectivity,0.009534380471064585,0.05,True
0.0,37,5Hz,episodic_expanded,functional_connectivity,0.009474228767608839,0.05,True
0.0,37,5Hz,semantic_expanded,functional_connectivity,0.009535589144294088,0.05,True
0.0,53,5Hz,episodic_expanded,functional_connectivity,0.009473485269584359,0.05,True
0.0,53,5Hz,semantic_expanded,functional_connectivity,0.009532341982243508,0.05,True
0.0,71,5Hz,episodic_expanded,functional_connectivity,0.00947402857156554,0.05,True
0.0,71,5Hz,semantic_expanded,functional_connectivity,0.009535283714486642,0.05,True
0.0,89,5Hz,episodic_expanded,functional_connectivity,0.009472863739002246,0.05,True
0.0,89,5Hz,semantic_expanded,functional_connectivity,0.009532217332439918,0.05,True
0.0,107,5Hz,episodic_expanded,functional_connectivity,0.009472356632465484,0.05,True
0.0,107,5Hz,semantic_expanded,functional_connectivity,0.00952899247810457,0.05,True
0.0,127,5Hz,episodic_expanded,functional_connectivity,0.009472796883136292,0.05,True
0.0,127,5Hz,semantic_expanded,functional_connectivity,0.009533068198036343,0.05,True
0.0,149,5Hz,episodic_expanded,functional_connectivity,0.009473835057659974,0.05,True
0.0,149,5Hz,semantic_expanded,functional_connectivity,0.009534322277756191,0.05,True
0.0,173,5Hz,episodic_expanded,functional_connectivity,0.009473724010496065,0.05,True
0.0,173,5Hz,semantic_expanded,functional_connectivity,0.00953490984541805,0.05,True
0.0,197,5Hz,episodic_expanded,functional_connectivity,0.00947265433728317,0.05,True
0.0,197,5Hz,semantic_expanded,functional_connectivity,0.00952958734066267,0.05,True
0.0,223,5Hz,episodic_expanded,functional_connectivity,0.009473434625929755,0.05,True
0.0,223,5Hz,semantic_expanded,functional_connectivity,0.00953068042901517,0.05,True
0.0,251,5Hz,episodic_expanded,functional_connectivity,0.00947377642788183,0.05,True
0.0,251,5Hz,semantic_expanded,functional_connectivity,0.009534639332380968,0.05,True
0.0,281,5Hz,episodic_expanded,functional_connectivity,0.009473887472899012,0.05,True
0.0,281,5Hz,semantic_expanded,functional_connectivity,0.009535052045682946,0.05,True
0.0,313,5Hz,episodic_expanded,functional_connectivity,0.009473274161296619,0.05,True
0.0,313,5Hz,semantic_expanded,functional_connectivity,0.009534523451851129,0.05,True
0.0,347,5Hz,episodic_expanded,functional_connectivity,0.00947485405226578,0.05,True
0.0,347,5Hz,semantic_expanded,functional_connectivity,0.009535334577028376,0.05,True
0.0,383,5Hz,episodic_expanded,functional_connectivity,0.00947435916050865,0.05,True
0.0,383,5Hz,semantic_expanded,functional_connectivity,0.009533837338348672,0.05,True
0.0,421,5Hz,episodic_expanded,functional_connectivity,0.009472902972336605,0.05,True
0.0,421,5Hz,semantic_expanded,functional_connectivity,0.009532489331636862,0.05,True
0.0,461,5Hz,episodic_expanded,functional_connectivity,0.009473887680205184,0.05,True
0.0,461,5Hz,semantic_expanded,functional_connectivity,0.009535021761494455,0.05,True
0.0,503,5Hz,episodic_expanded,functional_connectivity,0.009473998179244658,0.05,True
0.0,503,5Hz,semantic_expanded,functional_connectivity,0.009534449909723186,0.05,True
1.0,11,5Hz,episodic_expanded,functional_connectivity,9.640119348407195e-05,0.05,True
1.0,11,5Hz,semantic_expanded,functional_connectivity,0.0015337504554891186,0.05,True
1.0,23,5Hz,episodic_expanded,functional_connectivity,0.0020538314415792513,0.05,True
1.0,23,5Hz,semantic_expanded,functional_connectivity,7.301838603889985e-05,0.05,True
1.0,37,5Hz,episodic_expanded,functional_connectivity,0.03492874725192024,0.05,True
1.0,37,5Hz,semantic_expanded,functional_connectivity,0.04346130160209602,0.05,True
1.0,53,5Hz,episodic_expanded,functional_connectivity,0.019460282855578007,0.05,True
1.0,53,5Hz,semantic_expanded,functional_connectivity,0.008523832027290484,0.05,True
1.0,71,5Hz,episodic_expanded,functional_connectivity,0.005200601830872252,0.05,True
1.0,71,5Hz,semantic_expanded,functional_connectivity,0.0018131822967203549,0.05,True
1.0,89,5Hz,episodic_expanded,functional_connectivity,0.011511783806949547,0.05,True
1.0,89,5Hz,semantic_expanded,functional_connectivity,0.0037788107180547204,0.05,True
1.0,107,5Hz,episodic_expanded,functional_connectivity,0.027784624239815717,0.05,True
1.0,107,5Hz,semantic_expanded,functional_connectivity,0.011023032378223795,0.05,True
1.0,127,5Hz,episodic_expanded,functional_connectivity,0.0013512182344688622,0.05,True
1.0,127,5Hz,semantic_expanded,functional_connectivity,0.023264163147223967,0.05,True
1.0,149,5Hz,episodic_expanded,functional_connectivity,0.017777417025648258,0.05,True
1.0,149,5Hz,semantic_expanded,functional_connectivity,0.0033818322830385487,0.05,True
1.0,173,5Hz,episodic_expanded,functional_connectivity,0.009410652607600385,0.05,True
1.0,173,5Hz,semantic_expanded,functional_connectivity,0.01621346007492249,0.05,True
1.0,197,5Hz,episodic_expanded,functional_connectivity,0.006382164353601595,0.05,True
1.0,197,5Hz,semantic_expanded,functional_connectivity,0.0011922412821026612,0.05,True
1.0,223,5Hz,episodic_expanded,functional_connectivity,0.02056208967648944,0.05,True
1.0,223,5Hz,semantic_expanded,functional_connectivity,0.009583702801929092,0.05,True
1.0,251,5Hz,episodic_expanded,functional_connectivity,0.007258727018230236,0.05,True
1.0,251,5Hz,semantic_expanded,functional_connectivity,0.00013936567775132969,0.05,True
1.0,281,5Hz,episodic_expanded,functional_connectivity,0.0022430049908068045,0.05,True
1.0,281,5Hz,semantic_expanded,functional_connectivity,0.002510514854478013,0.05,True
1.0,313,5Hz,episodic_expanded,functional_connectivity,0.0018996075018344952,0.05,True
1.0,313,5Hz,semantic_expanded,functional_connectivity,0.008372496740620558,0.05,True
1.0,347,5Hz,episodic_expanded,functional_connectivity,0.03438507205454765,0.05,True
1.0,347,5Hz,semantic_expanded,functional_connectivity,0.029425333341058884,0.05,True
1.0,383,5Hz,episodic_expanded,functional_connectivity,0.04841097106514369,0.05,True
1.0,383,5Hz,semantic_expanded,functional_connectivity,0.010237777965804128,0.05,True
1.0,421,5Hz,episodic_expanded,functional_connectivity,0.010530342591126722,0.05,True
1.0,421,5Hz,semantic_expanded,functional_connectivity,0.006840263788221581,0.05,True
1.0,461,5Hz,episodic_expanded,functional_connectivity,0.04726784504443867,0.05,True
1.0,461,5Hz,semantic_expanded,functional_connectivity,0.05203075356492822,0.05,False
1.0,503,5Hz,episodic_expanded,functional_connectivity,0.008831774400525141,0.05,True
1.0,503,5Hz,semantic_expanded,functional_connectivity,0.004579101187664393,0.05,True
0.0,11,pulse,episodic_expanded,response_latency,2.0,5.0,True
0.0,11,pulse,semantic_expanded,response_latency,1.0,5.0,True
0.0,23,pulse,episodic_expanded,response_latency,2.0,5.0,True
0.0,23,pulse,semantic_expanded,response_latency,1.0,5.0,True
0.0,37,pulse,episodic_expanded,response_latency,2.0,5.0,True
0.0,37,pulse,semantic_expanded,response_latency,1.0,5.0,True
0.0,53,pulse,episodic_expanded,response_latency,2.0,5.0,True
0.0,53,pulse,semantic_expanded,response_latency,1.0,5.0,True
0.0,71,pulse,episodic_expanded,response_latency,2.0,5.0,True
0.0,71,pulse,semantic_expanded,response_latency,1.0,5.0,True
0.0,89,pulse,episodic_expanded,response_latency,2.0,5.0,True
0.0,89,pulse,semantic_expanded,response_latency,1.0,5.0,True
0.0,107,pulse,episodic_expanded,response_latency,2.5,5.0,True
0.0,107,pulse,semantic_expanded,response_latency,1.0,5.0,True
0.0,127,pulse,episodic_expanded,response_latency,2.0,5.0,True
0.0,127,pulse,semantic_expanded,response_latency,1.0,5.0,True
0.0,149,pulse,episodic_expanded,response_latency,2.0,5.0,True
0.0,149,pulse,semantic_expanded,response_latency,1.0,5.0,True
0.0,173,pulse,episodic_expanded,response_latency,2.0,5.0,True
0.0,173,pulse,semantic_expanded,response_latency,1.0,5.0,True
0.0,197,pulse,episodic_expanded,response_latency,2.5,5.0,True
0.0,197,pulse,semantic_expanded,response_latency,1.0,5.0,True
0.0,223,pulse,episodic_expanded,response_latency,2.5,5.0,True
0.0,223,pulse,semantic_expanded,response_latency,1.0,5.0,True
0.0,251,pulse,episodic_expanded,response_latency,2.0,5.0,True
0.0,251,pulse,semantic_expanded,response_latency,1.0,5.0,True
0.0,281,pulse,episodic_expanded,response_latency,2.0,5.0,True
0.0,281,pulse,semantic_expanded,response_latency,1.0,5.0,True
0.0,313,pulse,episodic_expanded,response_latency,2.0,5.0,True
0.0,313,pulse,semantic_expanded,response_latency,1.0,5.0,True
0.0,347,pulse,episodic_expanded,response_latency,2.0,5.0,True
0.0,347,pulse,semantic_expanded,response_latency,1.0,5.0,True
0.0,383,pulse,episodic_expanded,response_latency,2.0,5.0,True
0.0,383,pulse,semantic_expanded,response_latency,1.0,5.0,True
0.0,421,pulse,episodic_expanded,response_latency,2.0,5.0,True
0.0,421,pulse,semantic_expanded,response_latency,1.0,5.0,True
0.0,461,pulse,episodic_expanded,response_latency,2.0,5.0,True
0.0,461,pulse,semantic_expanded,response_latency,1.0,5.0,True
0.0,503,pulse,episodic_expanded,response_latency,2.0,5.0,True
0.0,503,pulse,semantic_expanded,response_latency,1.0,5.0,True
1.0,11,pulse,episodic_expanded,response_latency,3.5,5.0,True
1.0,11,pulse,semantic_expanded,response_latency,47.0,5.0,False
1.0,23,pulse,episodic_expanded,response_latency,5.5,5.0,False
1.0,23,pulse,semantic_expanded,response_latency,22.5,5.0,False
1.0,37,pulse,episodic_expanded,response_latency,7.5,5.0,False
1.0,37,pulse,semantic_expanded,response_latency,91.0,5.0,False
1.0,53,pulse,episodic_expanded,response_latency,4.0,5.0,True
1.0,53,pulse,semantic_expanded,response_latency,59.0,5.0,False
1.0,71,pulse,episodic_expanded,response_latency,0.5,5.0,True
1.0,71,pulse,semantic_expanded,response_latency,2.0,5.0,True
1.0,89,pulse,episodic_expanded,response_latency,2.0,5.0,True
1.0,89,pulse,semantic_expanded,response_latency,12.5,5.0,False
1.0,107,pulse,episodic_expanded,response_latency,40.0,5.0,False
1.0,107,pulse,semantic_expanded,response_latency,34.0,5.0,False
1.0,127,pulse,episodic_expanded,response_latency,17.0,5.0,False
1.0,127,pulse,semantic_expanded,response_latency,141.0,5.0,False
1.0,149,pulse,episodic_expanded,response_latency,4.0,5.0,True
1.0,149,pulse,semantic_expanded,response_latency,37.5,5.0,False
1.0,173,pulse,episodic_expanded,response_latency,1.0,5.0,True
1.0,173,pulse,semantic_expanded,response_latency,10.5,5.0,False
1.0,197,pulse,episodic_expanded,response_latency,5.5,5.0,False
1.0,197,pulse,semantic_expanded,response_latency,46.5,5.0,False
1.0,223,pulse,episodic_expanded,response_latency,34.5,5.0,False
1.0,223,pulse,semantic_expanded,response_latency,14.0,5.0,False
1.0,251,pulse,episodic_expanded,response_latency,0.5,5.0,True
1.0,251,pulse,semantic_expanded,response_latency,9.0,5.0,False
1.0,281,pulse,episodic_expanded,response_latency,33.0,5.0,False
1.0,281,pulse,semantic_expanded,response_latency,99.5,5.0,False
1.0,313,pulse,episodic_expanded,response_latency,11.5,5.0,False
1.0,313,pulse,semantic_expanded,response_latency,42.0,5.0,False
1.0,347,pulse,episodic_expanded,response_latency,13.5,5.0,False
1.0,347,pulse,semantic_expanded,response_latency,28.5,5.0,False
1.0,383,pulse,episodic_expanded,response_latency,1.0,5.0,True
1.0,383,pulse,semantic_expanded,response_latency,231.5,5.0,False
1.0,421,pulse,episodic_expanded,response_latency,4.0,5.0,True
1.0,421,pulse,semantic_expanded,response_latency,1.0,5.0,True
1.0,461,pulse,episodic_expanded,response_latency,3.0,5.0,True
1.0,461,pulse,semantic_expanded,response_latency,18.5,5.0,False
1.0,503,pulse,episodic_expanded,response_latency,23.0,5.0,False
1.0,503,pulse,semantic_expanded,response_latency,37.5,5.0,False
0.0,11,2Hz,episodic_expanded,transfer,4.54033363084578e-06,0.05,True
0.0,11,2Hz,semantic_expanded,transfer,4.0343238196477004e-05,0.05,True
0.0,23,2Hz,episodic_expanded,transfer,4.7063556914688825e-06,0.05,True
0.0,23,2Hz,semantic_expanded,transfer,4.008310728593237e-05,0.05,True
0.0,37,2Hz,episodic_expanded,transfer,4.614141165708319e-06,0.05,True
0.0,37,2Hz,semantic_expanded,transfer,4.0624091863704234e-05,0.05,True
0.0,53,2Hz,episodic_expanded,transfer,4.771019015248836e-06,0.05,True
0.0,53,2Hz,semantic_expanded,transfer,4.093887494684685e-05,0.05,True
0.0,71,2Hz,episodic_expanded,transfer,4.5138686448181765e-06,0.05,True
0.0,71,2Hz,semantic_expanded,transfer,4.075759254413751e-05,0.05,True
0.0,89,2Hz,episodic_expanded,transfer,4.705326484153913e-06,0.05,True
0.0,89,2Hz,semantic_expanded,transfer,4.017453841614763e-05,0.05,True
0.0,107,2Hz,episodic_expanded,transfer,6.335757188338145e-06,0.05,True
0.0,107,2Hz,semantic_expanded,transfer,4.2883500452405295e-05,0.05,True
0.0,127,2Hz,episodic_expanded,transfer,4.6318757047116335e-06,0.05,True
0.0,127,2Hz,semantic_expanded,transfer,4.0925198591071876e-05,0.05,True
0.0,149,2Hz,episodic_expanded,transfer,4.857563253621796e-06,0.05,True
0.0,149,2Hz,semantic_expanded,transfer,4.1425325108651626e-05,0.05,True
0.0,173,2Hz,episodic_expanded,transfer,4.595367426899442e-06,0.05,True
0.0,173,2Hz,semantic_expanded,transfer,4.008254072712754e-05,0.05,True
0.0,197,2Hz,episodic_expanded,transfer,5.129803098723105e-06,0.05,True
0.0,197,2Hz,semantic_expanded,transfer,4.050060493283842e-05,0.05,True
0.0,223,2Hz,episodic_expanded,transfer,5.774800727081364e-06,0.05,True
0.0,223,2Hz,semantic_expanded,transfer,4.239508182138082e-05,0.05,True
0.0,251,2Hz,episodic_expanded,transfer,4.47558771253799e-06,0.05,True
0.0,251,2Hz,semantic_expanded,transfer,4.0483053454375724e-05,0.05,True
0.0,281,2Hz,episodic_expanded,transfer,4.659734933528805e-06,0.05,True
0.0,281,2Hz,semantic_expanded,transfer,4.0892216736694876e-05,0.05,True
0.0,313,2Hz,episodic_expanded,transfer,4.125588356617441e-06,0.05,True
0.0,313,2Hz,semantic_expanded,transfer,3.8799639577934856e-05,0.05,True
0.0,347,2Hz,episodic_expanded,transfer,4.9053886619988356e-06,0.05,True
0.0,347,2Hz,semantic_expanded,transfer,4.1184725472174106e-05,0.05,True
0.0,383,2Hz,episodic_expanded,transfer,5.253390968903275e-06,0.05,True
0.0,383,2Hz,semantic_expanded,transfer,4.296691227619689e-05,0.05,True
0.0,421,2Hz,episodic_expanded,transfer,4.513174021493649e-06,0.05,True
0.0,421,2Hz,semantic_expanded,transfer,4.043563290528395e-05,0.05,True
0.0,461,2Hz,episodic_expanded,transfer,4.528785623690219e-06,0.05,True
0.0,461,2Hz,semantic_expanded,transfer,4.050383877843372e-05,0.05,True
0.0,503,2Hz,episodic_expanded,transfer,4.5736298323965405e-06,0.05,True
0.0,503,2Hz,semantic_expanded,transfer,4.061006601791235e-05,0.05,True
1.0,11,2Hz,episodic_expanded,transfer,0.0694576048464438,0.05,False
1.0,11,2Hz,semantic_expanded,transfer,0.020763969444270555,0.05,True
1.0,23,2Hz,episodic_expanded,transfer,0.02970445990671154,0.05,True
1.0,23,2Hz,semantic_expanded,transfer,0.06445765615278913,0.05,False
1.0,37,2Hz,episodic_expanded,transfer,0.2367176623823059,0.05,False
1.0,37,2Hz,semantic_expanded,transfer,0.4259525994374373,0.05,False
1.0,53,2Hz,episodic_expanded,transfer,0.05034395475700705,0.05,False
1.0,53,2Hz,semantic_expanded,transfer,0.1871873798163996,0.05,False
1.0,71,2Hz,episodic_expanded,transfer,0.5773687986132114,0.05,False
1.0,71,2Hz,semantic_expanded,transfer,0.08877666970388845,0.05,False
1.0,89,2Hz,episodic_expanded,transfer,0.051668881020934705,0.05,False
1.0,89,2Hz,semantic_expanded,transfer,0.004704013041286044,0.05,True
1.0,107,2Hz,episodic_expanded,transfer,0.04201398254185222,0.05,True
1.0,107,2Hz,semantic_expanded,transfer,0.07836113092778024,0.05,False
1.0,127,2Hz,episodic_expanded,transfer,0.3325769914711539,0.05,False
1.0,127,2Hz,semantic_expanded,transfer,0.013771519753974554,0.05,True
1.0,149,2Hz,episodic_expanded,transfer,0.19489517745860802,0.05,False
1.0,149,2Hz,semantic_expanded,transfer,0.11978640259655497,0.05,False
1.0,173,2Hz,episodic_expanded,transfer,0.3191488973397407,0.05,False
1.0,173,2Hz,semantic_expanded,transfer,0.016632793142442284,0.05,True
1.0,197,2Hz,episodic_expanded,transfer,0.02198269730612599,0.05,True
1.0,197,2Hz,semantic_expanded,transfer,0.06704479136578678,0.05,False
1.0,223,2Hz,episodic_expanded,transfer,0.4713181764722543,0.05,False
1.0,223,2Hz,semantic_expanded,transfer,0.008439149827309754,0.05,True
1.0,251,2Hz,episodic_expanded,transfer,0.15144192832229816,0.05,False
1.0,251,2Hz,semantic_expanded,transfer,0.05808995225875113,0.05,False
1.0,281,2Hz,episodic_expanded,transfer,0.0855809332427218,0.05,False
1.0,281,2Hz,semantic_expanded,transfer,0.07262621271597733,0.05,False
1.0,313,2Hz,episodic_expanded,transfer,0.4146846980066965,0.05,False
1.0,313,2Hz,semantic_expanded,transfer,0.2814881277102457,0.05,False
1.0,347,2Hz,episodic_expanded,transfer,0.3613605620164688,0.05,False
1.0,347,2Hz,semantic_expanded,transfer,0.07053042507845114,0.05,False
1.0,383,2Hz,episodic_expanded,transfer,0.5640814339168425,0.05,False
1.0,383,2Hz,semantic_expanded,transfer,0.31294495819166845,0.05,False
1.0,421,2Hz,episodic_expanded,transfer,0.8734469165722082,0.05,False
1.0,421,2Hz,semantic_expanded,transfer,0.136425799940662,0.05,False
1.0,461,2Hz,episodic_expanded,transfer,0.12228931089958955,0.05,False
1.0,461,2Hz,semantic_expanded,transfer,0.2171216402176133,0.05,False
1.0,503,2Hz,episodic_expanded,transfer,0.3169885859843757,0.05,False
1.0,503,2Hz,semantic_expanded,transfer,0.01655873772051668,0.05,True
0.0,11,5Hz,episodic_expanded,transfer,0.0001380664076717561,0.05,True
0.0,11,5Hz,semantic_expanded,transfer,0.00019886725063913077,0.05,True
0.0,23,5Hz,episodic_expanded,transfer,0.00013846982276904303,0.05,True
0.0,23,5Hz,semantic_expanded,transfer,0.0001994501038802045,0.05,True
0.0,37,5Hz,episodic_expanded,transfer,0.00013792668015028776,0.05,True
0.0,37,5Hz,semantic_expanded,transfer,0.00019847810872214406,0.05,True
0.0,53,5Hz,episodic_expanded,transfer,0.00013797341459640902,0.05,True
0.0,53,5Hz,semantic_expanded,transfer,0.0001994654298643368,0.05,True
0.0,71,5Hz,episodic_expanded,transfer,0.0001380306050629267,0.05,True
0.0,71,5Hz,semantic_expanded,transfer,0.00019897286864406467,0.05,True
0.0,89,5Hz,episodic_expanded,transfer,0.00013832661182249762,0.05,True
0.0,89,5Hz,semantic_expanded,transfer,0.00019926499334361697,0.05,True
0.0,107,5Hz,episodic_expanded,transfer,0.00013845727018380302,0.05,True
0.0,107,5Hz,semantic_expanded,transfer,0.00019995321751153496,0.05,True
0.0,127,5Hz,episodic_expanded,transfer,0.00013793593272728012,0.05,True
0.0,127,5Hz,semantic_expanded,transfer,0.0001983092018403147,0.05,True
0.0,149,5Hz,episodic_expanded,transfer,0.00013811733500246958,0.05,True
0.0,149,5Hz,semantic_expanded,transfer,0.00019904160659153444,0.05,True
0.0,173,5Hz,episodic_expanded,transfer,0.00013783470280579846,0.05,True
0.0,173,5Hz,semantic_expanded,transfer,0.00019858782601267692,0.05,True
0.0,197,5Hz,episodic_expanded,transfer,0.0001381333481444478,0.05,True
0.0,197,5Hz,semantic_expanded,transfer,0.0001993666217859344,0.05,True
0.0,223,5Hz,episodic_expanded,transfer,0.00013807881008134345,0.05,True
0.0,223,5Hz,semantic_expanded,transfer,0.00019951700977795058,0.05,True
0.0,251,5Hz,episodic_expanded,transfer,0.00013790283522330466,0.05,True
0.0,251,5Hz,semantic_expanded,transfer,0.00019856331379693436,0.05,True
0.0,281,5Hz,episodic_expanded,transfer,0.00013823868858572194,0.05,True
0.0,281,5Hz,semantic_expanded,transfer,0.00019904395899869847,0.05,True
0.0,313,5Hz,episodic_expanded,transfer,0.00013853070287364345,0.05,True
0.0,313,5Hz,semantic_expanded,transfer,0.00019903267626937693,0.05,True
0.0,347,5Hz,episodic_expanded,transfer,0.00013821744336144553,0.05,True
0.0,347,5Hz,semantic_expanded,transfer,0.00019881949456508732,0.05,True
0.0,383,5Hz,episodic_expanded,transfer,0.0001385894680348204,0.05,True
0.0,383,5Hz,semantic_expanded,transfer,0.00020018620982483775,0.05,True
0.0,421,5Hz,episodic_expanded,transfer,0.00013855758053380477,0.05,True
0.0,421,5Hz,semantic_expanded,transfer,0.00019988562473975316,0.05,True
0.0,461,5Hz,episodic_expanded,transfer,0.0001384116912856993,0.05,True
0.0,461,5Hz,semantic_expanded,transfer,0.00019934561354947194,0.05,True
0.0,503,5Hz,episodic_expanded,transfer,0.00013810021532029227,0.05,True
0.0,503,5Hz,semantic_expanded,transfer,0.00019915885064604384,0.05,True
1.0,11,5Hz,episodic_expanded,transfer,0.04710972789499969,0.05,True
1.0,11,5Hz,semantic_expanded,transfer,0.021045776969692787,0.05,True
1.0,23,5Hz,episodic_expanded,transfer,0.13152747859267871,0.05,False
1.0,23,5Hz,semantic_expanded,transfer,0.07209166604304611,0.05,False
1.0,37,5Hz,episodic_expanded,transfer,0.03315928399407307,0.05,True
1.0,37,5Hz,semantic_expanded,transfer,0.42469652055656176,0.05,False
1.0,53,5Hz,episodic_expanded,transfer,0.045860291683716706,0.05,True
1.0,53,5Hz,semantic_expanded,transfer,0.10346269445634595,0.05,False
1.0,71,5Hz,episodic_expanded,transfer,0.07750510263335376,0.05,False
1.0,71,5Hz,semantic_expanded,transfer,0.038593230893783186,0.05,True
1.0,89,5Hz,episodic_expanded,transfer,0.07665111462479154,0.05,False
1.0,89,5Hz,semantic_expanded,transfer,0.04294305248219225,0.05,True
1.0,107,5Hz,episodic_expanded,transfer,0.5780941445212588,0.05,False
1.0,107,5Hz,semantic_expanded,transfer,0.15852571210147898,0.05,False
1.0,127,5Hz,episodic_expanded,transfer,0.20730637099200672,0.05,False
1.0,127,5Hz,semantic_expanded,transfer,0.06252667829550188,0.05,False
1.0,149,5Hz,episodic_expanded,transfer,0.4169560377910275,0.05,False
1.0,149,5Hz,semantic_expanded,transfer,0.4807266530567294,0.05,False
1.0,173,5Hz,episodic_expanded,transfer,0.5371992234716289,0.05,False
1.0,173,5Hz,semantic_expanded,transfer,0.07214835777310316,0.05,False
1.0,197,5Hz,episodic_expanded,transfer,0.15188439934925627,0.05,False
1.0,197,5Hz,semantic_expanded,transfer,0.012618738762327568,0.05,True
1.0,223,5Hz,episodic_expanded,transfer,0.37814406772516185,0.05,False
1.0,223,5Hz,semantic_expanded,transfer,0.12442846193736479,0.05,False
1.0,251,5Hz,episodic_expanded,transfer,0.3608748621392753,0.05,False
1.0,251,5Hz,semantic_expanded,transfer,0.06852067996812664,0.05,False
1.0,281,5Hz,episodic_expanded,transfer,0.025046774783178637,0.05,True
1.0,281,5Hz,semantic_expanded,transfer,0.0123932644501929,0.05,True
1.0,313,5Hz,episodic_expanded,transfer,0.3029378042951645,0.05,False
1.0,313,5Hz,semantic_expanded,transfer,0.05974318970195044,0.05,False
1.0,347,5Hz,episodic_expanded,transfer,0.42815554402041295,0.05,False
1.0,347,5Hz,semantic_expanded,transfer,0.09937701293125076,0.05,False
1.0,383,5Hz,episodic_expanded,transfer,0.49690700047374353,0.05,False
1.0,383,5Hz,semantic_expanded,transfer,0.46123553341059037,0.05,False
1.0,421,5Hz,episodic_expanded,transfer,1.3025251670703133,0.05,False
1.0,421,5Hz,semantic_expanded,transfer,0.07660761203751441,0.05,False
1.0,461,5Hz,episodic_expanded,transfer,0.5169689573033337,0.05,False
1.0,461,5Hz,semantic_expanded,transfer,0.48605802497784306,0.05,False
1.0,503,5Hz,episodic_expanded,transfer,0.04358386006215101,0.05,True
1.0,503,5Hz,semantic_expanded,transfer,0.027589878675054483,0.05,True
