seed,probe,outcome,unit,main_interaction,reference_interaction,signed_main_minus_reference,absolute_main_minus_reference
11,2Hz,transfer_gain,log2 ratio,2.94884082509636,3.0160191525794406,-0.06717832748308084,0.06717832748308084
23,2Hz,transfer_gain,log2 ratio,2.435041254263779,2.5733456794193996,-0.1383044251556207,0.1383044251556207
37,2Hz,transfer_gain,log2 ratio,1.8030696746947648,2.2140646609997052,-0.41099498630494047,0.41099498630494047
53,2Hz,transfer_gain,log2 ratio,1.937278766558732,2.1617088639073714,-0.22443009734863928,0.22443009734863928
71,2Hz,transfer_gain,log2 ratio,1.52680646345069,2.061566126016417,-0.5347596625657269,0.5347596625657269
89,2Hz,transfer_gain,log2 ratio,2.571956478688775,2.6378153040804753,-0.06585882539170029,0.06585882539170029
107,2Hz,transfer_gain,log2 ratio,2.338568715357294,2.1677520895618523,0.17081662579544155,0.17081662579544155
127,2Hz,transfer_gain,log2 ratio,1.8973230532045626,1.2942114798543898,0.6031115733501728,0.6031115733501728
149,2Hz,transfer_gain,log2 ratio,2.041992763361308,2.1356005020754347,-0.09360773871412675,0.09360773871412675
173,2Hz,transfer_gain,log2 ratio,2.259044940116512,1.7286028220526504,0.5304421180638617,0.5304421180638617
197,2Hz,transfer_gain,log2 ratio,2.475793614177256,2.5437947540610315,-0.06800113988377543,0.06800113988377543
223,2Hz,transfer_gain,log2 ratio,1.4550711181285703,0.5477167010299233,0.907354417098647,0.907354417098647
251,2Hz,transfer_gain,log2 ratio,2.5944285964958445,2.884157105416964,-0.2897285089211197,0.2897285089211197
281,2Hz,transfer_gain,log2 ratio,2.6848906413438476,2.702158239520582,-0.01726759817673429,0.01726759817673429
313,2Hz,transfer_gain,log2 ratio,1.983575874762912,1.6877278502117115,0.2958480245512005,0.2958480245512005
347,2Hz,transfer_gain,log2 ratio,2.6981819049251046,2.1567235692759104,0.5414583356491942,0.5414583356491942
383,2Hz,transfer_gain,log2 ratio,2.0896024931585373,1.43318105133603,0.6564214418225074,0.6564214418225074
421,2Hz,transfer_gain,log2 ratio,1.7551890752135417,2.476328858816413,-0.7211397836028715,0.7211397836028715
461,2Hz,transfer_gain,log2 ratio,2.1958686015702558,2.360774011229922,-0.16490540965966627,0.16490540965966627
503,2Hz,transfer_gain,log2 ratio,2.9709286357418643,2.4449474453859397,0.5259811903559246,0.5259811903559246
11,5Hz,transfer_gain,log2 ratio,2.878866566149835,2.9153193517864757,-0.03645278563664078,0.03645278563664078
23,5Hz,transfer_gain,log2 ratio,2.9400606822454574,2.8446465542250223,0.09541412802043503,0.09541412802043503
37,5Hz,transfer_gain,log2 ratio,1.3527085740946267,2.101750950728661,-0.7490423766340344,0.7490423766340344
53,5Hz,transfer_gain,log2 ratio,2.0235241041256167,2.2458674284633027,-0.222343324337686,0.222343324337686
71,5Hz,transfer_gain,log2 ratio,2.52847106329901,2.581622943245458,-0.05315187994644788,0.05315187994644788
89,5Hz,transfer_gain,log2 ratio,2.526235829272056,2.5722141698519136,-0.0459783405798575,0.0459783405798575
107,5Hz,transfer_gain,log2 ratio,2.36447078164832,1.3685614076595218,0.9959093739887983,0.9959093739887983
127,5Hz,transfer_gain,log2 ratio,1.7685253195122526,1.5265981510247926,0.24192716848746,0.24192716848746
149,5Hz,transfer_gain,log2 ratio,2.196601444448415,2.13317898392423,0.0634224605241851,0.0634224605241851
173,5Hz,transfer_gain,log2 ratio,2.657075255531466,1.653660028424194,1.003415227107272,1.003415227107272
197,5Hz,transfer_gain,log2 ratio,2.2218282257058526,2.4442333193690686,-0.22240509366321604,0.22240509366321604
223,5Hz,transfer_gain,log2 ratio,0.946098886619966,0.09164792047925907,0.8544509661407069,0.8544509661407069
251,5Hz,transfer_gain,log2 ratio,2.2005019839335374,2.747528250114547,-0.5470262661810095,0.5470262661810095
281,5Hz,transfer_gain,log2 ratio,2.4784090868455833,2.4964167253921934,-0.01800763854661014,0.01800763854661014
313,5Hz,transfer_gain,log2 ratio,2.275469842528322,1.8437896499100885,0.4316801926182334,0.4316801926182334
347,5Hz,transfer_gain,log2 ratio,2.277286017398999,1.6220729135797312,0.6552131038192677,0.6552131038192677
383,5Hz,transfer_gain,log2 ratio,1.774359932326683,1.6756191943113272,0.09874073801535577,0.09874073801535577
421,5Hz,transfer_gain,log2 ratio,1.180418543952146,2.2772314010767696,-1.0968128571246236,1.0968128571246236
461,5Hz,transfer_gain,log2 ratio,2.24609719855916,2.1566955159954313,0.08940168256372871,0.08940168256372871
503,5Hz,transfer_gain,log2 ratio,2.611831555706262,2.5879931964777834,0.023838359228478545,0.023838359228478545
11,2Hz,functional_connectivity,Fisher-z difference,0.06633255384170189,0.06825948179996821,-0.0019269279582663223,0.0019269279582663223
23,2Hz,functional_connectivity,Fisher-z difference,0.06236696987898771,0.06683312502796568,-0.004466155148977968,0.004466155148977968
37,2Hz,functional_connectivity,Fisher-z difference,0.06252056726625632,0.06458294639640005,-0.002062379130143732,0.002062379130143732
53,2Hz,functional_connectivity,Fisher-z difference,0.06916320392014086,0.06945832873995261,-0.000295124819811754,0.000295124819811754
71,2Hz,functional_connectivity,Fisher-z difference,0.06091384978192593,0.07027059441173389,-0.009356744629807956,0.009356744629807956
89,2Hz,functional_connectivity,Fisher-z difference,0.06697703445356673,0.06841921332619183,-0.0014421788726250995,0.0014421788726250995
107,2Hz,functional_connectivity,Fisher-z difference,0.06513219917044388,0.06991823883967241,-0.004786039669228526,0.004786039669228526
127,2Hz,functional_connectivity,Fisher-z difference,0.05199475054318459,0.04377130168332588,0.008223448859858706,0.008223448859858706
149,2Hz,functional_connectivity,Fisher-z difference,0.06484559107256116,0.06286869445884635,0.001976896613714807,0.001976896613714807
173,2Hz,functional_connectivity,Fisher-z difference,0.07253766563768371,0.0646349016099439,0.007902764027739817,0.007902764027739817
197,2Hz,functional_connectivity,Fisher-z difference,0.06382168822095169,0.07027309971916118,-0.006451411498209492,0.006451411498209492
223,2Hz,functional_connectivity,Fisher-z difference,0.037864434864593566,0.0331795288803427,0.0046849059842508645,0.0046849059842508645
251,2Hz,functional_connectivity,Fisher-z difference,0.06436350127994928,0.05985419358085897,0.004509307699090304,0.004509307699090304
281,2Hz,functional_connectivity,Fisher-z difference,0.06887063205509492,0.07047757492338036,-0.0016069428682854436,0.0016069428682854436
313,2Hz,functional_connectivity,Fisher-z difference,0.069287149180421,0.04615901898104369,0.023128130199377317,0.023128130199377317
347,2Hz,functional_connectivity,Fisher-z difference,0.0715441565954178,0.07323926553892957,-0.0016951089435117694,0.0016951089435117694
383,2Hz,functional_connectivity,Fisher-z difference,0.06607419810692194,0.02446221639241708,0.041611981714504864,0.041611981714504864
421,2Hz,functional_connectivity,Fisher-z difference,0.05293863854749947,0.06860063862539345,-0.01566200007789398,0.01566200007789398
461,2Hz,functional_connectivity,Fisher-z difference,0.07589809074279152,0.07445880313030839,0.001439287612483131,0.001439287612483131
503,2Hz,functional_connectivity,Fisher-z difference,0.06588308811998012,0.06994912016979837,-0.004066032049818258,0.004066032049818258
11,5Hz,functional_connectivity,Fisher-z difference,0.06364267738804252,0.06533282672217577,-0.0016901493341332507,0.0016901493341332507
23,5Hz,functional_connectivity,Fisher-z difference,0.06253310037630633,0.06457304248442197,-0.0020399421081156444,0.0020399421081156444
37,5Hz,functional_connectivity,Fisher-z difference,0.06190370639866094,0.05343251242517044,0.008471193973490498,0.008471193973490498
53,5Hz,functional_connectivity,Fisher-z difference,0.07436420605025762,0.08535951359120397,-0.010995307540946353,0.010995307540946353
71,5Hz,functional_connectivity,Fisher-z difference,0.06540988270397086,0.062083718312739844,0.0033261643912310124,0.0033261643912310124
89,5Hz,functional_connectivity,Fisher-z difference,0.07940678015001024,0.07173316065455326,0.007673619495456974,0.007673619495456974
107,5Hz,functional_connectivity,Fisher-z difference,0.08851297506720157,0.049761954294801125,0.038751020772400446,0.038751020772400446
127,5Hz,functional_connectivity,Fisher-z difference,0.05944146540630846,0.08411711810290123,-0.024675652696592776,0.024675652696592776
149,5Hz,functional_connectivity,Fisher-z difference,0.0958176358551206,0.07471887376652986,0.02109876208859074,0.02109876208859074
173,5Hz,functional_connectivity,Fisher-z difference,0.07821033129538169,0.08507432459762576,-0.006863993302244076,0.006863993302244076
197,5Hz,functional_connectivity,Fisher-z difference,0.06012394686592093,0.06775528550500476,-0.007631338639083829,0.007631338639083829
223,5Hz,functional_connectivity,Fisher-z difference,0.01703268467011898,0.028068317347764493,-0.011035632677645513,0.011035632677645513
251,5Hz,functional_connectivity,Fisher-z difference,0.06860586972302851,0.06154737128704868,0.007058498435979832,0.007058498435979832
281,5Hz,functional_connectivity,Fisher-z difference,0.0678852851413525,0.07269996955942148,-0.004814684418068982,0.004814684418068982
313,5Hz,functional_connectivity,Fisher-z difference,0.07816920037167185,0.08850255390468154,-0.010333353533009682,0.010333353533009682
347,5Hz,functional_connectivity,Fisher-z difference,0.0797073953122378,0.08472761455048916,-0.0050202192382513555,0.0050202192382513555
383,5Hz,functional_connectivity,Fisher-z difference,0.07183256291893558,0.033718847997436185,0.0381137149214994,0.0381137149214994
421,5Hz,functional_connectivity,Fisher-z difference,0.07424241112944774,0.07799207629165306,-0.003749665162205318,0.003749665162205318
461,5Hz,functional_connectivity,Fisher-z difference,0.06680327328992774,0.16616300598058387,-0.09935973269065612,0.09935973269065612
503,5Hz,functional_connectivity,Fisher-z difference,0.06252975255582749,0.07600107987449567,-0.01347132731866818,0.01347132731866818
11,pulse,response_latency,ms,227.5,272.0,-44.5,44.5
23,pulse,response_latency,ms,312.0,330.0,-18.0,18.0
37,pulse,response_latency,ms,336.5,436.0,-99.5,99.5
53,pulse,response_latency,ms,536.0,474.0,62.0,62.0
71,pulse,response_latency,ms,437.5,440.0,-2.5,2.5
89,pulse,response_latency,ms,281.5,293.0,-11.5,11.5
107,pulse,response_latency,ms,429.0,504.5,-75.5,75.5
127,pulse,response_latency,ms,320.5,445.5,-125.0,125.0
149,pulse,response_latency,ms,455.0,422.5,32.5,32.5
173,pulse,response_latency,ms,533.5,546.0,-12.5,12.5
197,pulse,response_latency,ms,283.0,336.5,-53.5,53.5
223,pulse,response_latency,ms,472.5,522.5,-50.0,50.0
251,pulse,response_latency,ms,267.0,277.5,-10.5,10.5
281,pulse,response_latency,ms,298.0,232.5,65.5,65.5
313,pulse,response_latency,ms,375.0,429.5,-54.5,54.5
347,pulse,response_latency,ms,238.0,254.0,-16.0,16.0
383,pulse,response_latency,ms,216.0,449.5,-233.5,233.5
421,pulse,response_latency,ms,489.0,485.0,4.0,4.0
461,pulse,response_latency,ms,369.0,385.5,-16.5,16.5
503,pulse,response_latency,ms,393.0,333.5,59.5,59.5
