severity,seed,probe,main_a1_snr_db,reference_a1_snr_db,absolute_difference_db
0.0,11,2Hz,31.54005527681766,31.54018645947388,0.00013118265621869796
0.0,11,5Hz,31.882958516682535,31.883053483334017,9.496665148134298e-05
0.0,23,2Hz,31.54005517010051,31.54018637153945,0.00013120143893985414
0.0,23,5Hz,31.882958485035164,31.8830535716053,9.508657013412858e-05
1.0,11,2Hz,31.5234110903025,31.524591329530168,0.0011802392276685225
1.0,11,5Hz,31.832054997710454,31.835040115973232,0.0029851182627780304
1.0,23,2Hz,31.54629522792566,31.53775632720081,0.008538900724850862
1.0,23,5Hz,31.79900478422217,31.79866055182208,0.00034423240008862876
0.0,37,2Hz,31.540055245615694,31.540186420903883,0.00013117528818895607
0.0,37,5Hz,31.882958554252955,31.883053475929778,9.492167682267905e-05
0.0,53,2Hz,31.5400553416198,31.540186508430224,0.00013116681042291134
0.0,53,5Hz,31.88295849839207,31.8830533371289,9.483873682825106e-05
0.0,71,2Hz,31.540055238442744,31.54018641655579,0.00013117811304752536
0.0,71,5Hz,31.882958502886957,31.88305338252686,9.487963990295611e-05
0.0,89,2Hz,31.540055278467992,31.540186453882654,0.00013117541466201033
0.0,89,5Hz,31.88295854597161,31.88305345136576,9.490539414969135e-05
0.0,107,2Hz,31.540055454413128,31.54018650614619,0.00013105173306016127
0.0,107,5Hz,31.88295849309407,31.883053159220633,9.46661265643911e-05
0.0,127,2Hz,31.54005527086551,31.540186460359934,0.0001311894944251435
0.0,127,5Hz,31.88295852687429,31.883053442000474,9.491512618353681e-05
0.0,149,2Hz,31.5400552399583,31.540186412729213,0.00013117277091367896
0.0,149,5Hz,31.88295855978653,31.883053468353218,9.490856668747938e-05
0.0,173,2Hz,31.540055268969148,31.54018645626332,0.0001311872941727188
0.0,173,5Hz,31.88295851173274,31.88305345770374,9.494597100001556e-05
0.0,197,2Hz,31.540055475478308,31.540186502737726,0.00013102725941749327
0.0,197,5Hz,31.882958597232573,31.88305319572409,9.459849151838284e-05
0.0,223,2Hz,31.540055429361395,31.540186491532005,0.00013106217060965264
0.0,223,5Hz,31.882958530271893,31.88305329713085,9.47668589574846e-05
0.0,251,2Hz,31.540055250380593,31.54018643652509,0.00013118614449680877
0.0,251,5Hz,31.88295853883675,31.883053471116334,9.493227958401462e-05
0.0,281,2Hz,31.5400551875171,31.54018639901906,0.00013121150195871678
0.0,281,5Hz,31.88295852987658,31.88305345734129,9.492746471195801e-05
0.0,313,2Hz,31.54005521267331,31.54018639666619,0.00013118399288103433
0.0,313,5Hz,31.882958511159924,31.883053524285714,9.501312579018872e-05
0.0,347,2Hz,31.54005516448273,31.540186328031137,0.0001311635484064766
0.0,347,5Hz,31.882958455516835,31.88305352098295,9.506546611603994e-05
0.0,383,2Hz,31.540055154375445,31.540186320131482,0.0001311657560378876
0.0,383,5Hz,31.88295845568839,31.88305354245015,9.508676176039899e-05
0.0,421,2Hz,31.540055281921564,31.540186460363092,0.00013117844152787939
0.0,421,5Hz,31.882958531964643,31.883053412278734,9.48803140907728e-05
0.0,461,2Hz,31.540055215085157,31.54018639674004,0.00013118165488279487
0.0,461,5Hz,31.88295851822221,31.883053501254523,9.498303231225691e-05
0.0,503,2Hz,31.54005526852773,31.540186446586993,0.00013117805926299297
0.0,503,5Hz,31.882958579384464,31.883053499334423,9.49199499586939e-05
1.0,37,2Hz,31.537846830247595,31.491589161303537,0.04625766894405814
1.0,37,5Hz,31.85091940395969,31.8306552922205,0.020264111739191293
1.0,53,2Hz,31.534821556078327,31.526669917791516,0.008151638286811647
1.0,53,5Hz,31.86831895932279,31.868551081432823,0.0002321221100345383
1.0,71,2Hz,31.514972648849955,31.520749131961303,0.005776483111347375
1.0,71,5Hz,31.871364928765363,31.831090502015194,0.04027442675016957
1.0,89,2Hz,31.53476521419214,31.534541152771077,0.0002240614210649028
1.0,89,5Hz,31.816783142476623,31.807134951258774,0.00964819121784899
1.0,107,2Hz,31.52727557053077,31.524454011488952,0.002821559041816357
1.0,107,5Hz,31.828618213716055,31.612656810458933,0.215961403257122
1.0,127,2Hz,31.520674777815746,31.51183471467636,0.008840063139384569
1.0,127,5Hz,31.849951420838973,31.85772649472119,0.007775073882218209
1.0,149,2Hz,31.531597435768887,31.545001916153147,0.013404480384259898
1.0,149,5Hz,31.89535919793899,31.9029227341964,0.00756353625741113
1.0,173,2Hz,31.542331366822538,31.50637832142918,0.035953045393355865
1.0,173,5Hz,31.872688604714497,31.896057765241874,0.02336916052737692
1.0,197,2Hz,31.52825591414341,31.537963956226093,0.009708042082682056
1.0,197,5Hz,31.90197098501613,31.897818913654696,0.004152071361435361
1.0,223,2Hz,31.482752597687224,31.50324931304036,0.020496715353136352
1.0,223,5Hz,31.80369707935625,31.830261491317295,0.026564411961043533
1.0,251,2Hz,31.53710588378467,31.539642057464302,0.0025361736796334355
1.0,251,5Hz,31.942193153646198,31.914716520328007,0.027476633318190835
1.0,281,2Hz,31.53440449812799,31.533990173502737,0.00041432462525392566
1.0,281,5Hz,31.80837849596717,31.803015713984237,0.005362781982931608
1.0,313,2Hz,31.492569968707297,31.558756650538772,0.06618668183147491
1.0,313,5Hz,31.789882221317765,31.88401281400259,0.09413059268482371
1.0,347,2Hz,31.530242802861494,31.51847552417701,0.01176727868448424
1.0,347,5Hz,31.87853923507877,31.84966242021785,0.028876814860918643
1.0,383,2Hz,31.527461102825463,31.545661967080783,0.01820086425531997
1.0,383,5Hz,31.741897889445923,31.884206423355188,0.14230853390926512
1.0,421,2Hz,31.563460618547843,31.53892996255849,0.024530655989352113
1.0,421,5Hz,31.90318033276359,31.852798198263578,0.050382134500011944
1.0,461,2Hz,31.52723566406155,31.525849545922714,0.0013861181388357124
1.0,461,5Hz,31.830566943352455,31.823465571400238,0.00710137195221705
1.0,503,2Hz,31.540946693089108,31.536318302154413,0.004628390934694693
1.0,503,5Hz,31.83034368663214,31.861849806722535,0.031506120090394774
