scope,variant,condition,severity,seed,probe,simulation_type,global_coupling,input_peak_per_ms,dt_ms,simulation_ms,b_signature,wall_seconds,max_abs_psp,max_abs_evoked,job_ordinal,worker_pid,trace_format_version,trace_file,trace_sha256,trace_byte_size,trace_sample_count,trace_region_count
main_full_field,full_field,Baseline,0.0,11,pulse,stimulated,60.0,0.02,0.5,6000.0,512a8299eaef29ce,99.24253798200516,27.853784201028226,0.3007056283165195,0,620475,parcel_psp_v1,main_parcel_traces/severity_0p0_seed_0011_pulse.npz,6d4f3d2594387a7f3bde7713cc7ed2e1a95af89323becb0d6ba9df02dd6cc56c,1657883.0,3000.0,34.0
main_full_field,full_field,Baseline,0.0,11,2Hz,stimulated,60.0,0.02,0.5,14500.0,512a8299eaef29ce,238.1082869390375,27.853784201028226,0.18279938437016696,0,620475,parcel_psp_v1,main_parcel_traces/severity_0p0_seed_0011_2Hz.npz,5a3c42eabcfcacdc2b25c0d8978b0b69aa404f44581390e999100fcd7df44f55,3664959.0,7250.0,34.0
main_full_field,full_field,Baseline,0.0,11,5Hz,stimulated,60.0,0.02,0.5,14500.0,512a8299eaef29ce,238.4600838609622,27.853784201028226,0.23349451531365872,0,620475,parcel_psp_v1,main_parcel_traces/severity_0p0_seed_0011_5Hz.npz,e833d32f55b016a4fd98f2b76d0c7ffeeebcdd966b068c9fcd47b49ed5a7ecbc,3162873.0,7250.0,34.0
main_full_field,full_field,Baseline,0.0,23,pulse,stimulated,60.0,0.02,0.5,6000.0,512a8299eaef29ce,104.27117964503122,27.815306549318898,0.30070413453230493,1,620478,parcel_psp_v1,main_parcel_traces/severity_0p0_seed_0023_pulse.npz,8bcfdb81e5fc46252dfab2073076b2a9f36815f988743d70260f8d32f84993bc,1657689.0,3000.0,34.0
main_full_field,full_field,Baseline,0.0,23,2Hz,stimulated,60.0,0.02,0.5,14500.0,512a8299eaef29ce,255.94835867598886,27.815306549318898,0.18279870413340404,1,620478,parcel_psp_v1,main_parcel_traces/severity_0p0_seed_0023_2Hz.npz,336686ad981d5480b51746ef0b8a46d5e7572a660c0677b8cb655ae9f1dcf9a0,3666997.0,7250.0,34.0
main_full_field,full_field,Baseline,0.0,23,5Hz,stimulated,60.0,0.02,0.5,14500.0,512a8299eaef29ce,247.93815790204098,27.815306549318898,0.2334940776151253,1,620478,parcel_psp_v1,main_parcel_traces/severity_0p0_seed_0023_5Hz.npz,97d12916dd1ac40c7c546ad7e63c6e1760d5ab848e31489877bec45010137d45,3152018.0,7250.0,34.0
main_full_field,full_field,High AD-like perturbation,1.0,11,pulse,stimulated,60.0,0.02,0.5,6000.0,ac884c60d8359016,105.49017053097486,75.1082987222209,0.2982809324994502,40,620469,parcel_psp_v1,main_parcel_traces/severity_1p0_seed_0011_pulse.npz,b2c2d98db7e050aeb1a654f42405ab9cbeed665056b4e233ccdd19951f7091ed,1924591.0,3000.0,34.0
main_full_field,full_field,High AD-like perturbation,1.0,11,2Hz,stimulated,60.0,0.02,0.5,14500.0,ac884c60d8359016,253.87771375500597,75.1082987222209,0.40155922460703763,40,620469,parcel_psp_v1,main_parcel_traces/severity_1p0_seed_0011_2Hz.npz,d1db44622839e2792f44b26327e990de874d14bc3538e1cf41caaf98d1e73d3b,5114053.0,7250.0,34.0
main_full_field,full_field,High AD-like perturbation,1.0,11,5Hz,stimulated,60.0,0.02,0.5,14500.0,ac884c60d8359016,239.90984357404523,75.1082987222209,0.436097275497648,40,620469,parcel_psp_v1,main_parcel_traces/severity_1p0_seed_0011_5Hz.npz,013086929ad5f68bcf0bc48cc236f6aea65baa3513df2a95955f42db058899d7,5119124.0,7250.0,34.0
main_full_field,full_field,High AD-like perturbation,1.0,23,pulse,stimulated,60.0,0.02,0.5,6000.0,ac884c60d8359016,100.78662042197539,76.90650531211477,0.29853398069378834,41,620477,parcel_psp_v1,main_parcel_traces/severity_1p0_seed_0023_pulse.npz,08444fd92a3bc1fb2780c591a60220e70e40d1b409e1dda2a5a827dc6af3fcde,1923911.0,3000.0,34.0
main_full_field,full_field,High AD-like perturbation,1.0,23,2Hz,stimulated,60.0,0.02,0.5,14500.0,ac884c60d8359016,261.45162084302865,76.90650531211477,0.5759088215676247,41,620477,parcel_psp_v1,main_parcel_traces/severity_1p0_seed_0023_2Hz.npz,b1c2bf85c5faaeb8bf2c409fb79734545fa704173c240bba827a33352f78bbdb,5117276.0,7250.0,34.0
main_full_field,full_field,High AD-like perturbation,1.0,23,5Hz,stimulated,60.0,0.02,0.5,14500.0,ac884c60d8359016,253.65773613296915,76.90650531211477,0.5583871697184932,41,620477,parcel_psp_v1,main_parcel_traces/severity_1p0_seed_0023_5Hz.npz,f856cb1abf988b2d4985b87907116a1775c63ec94dbe42859aa26313000cd139,5118081.0,7250.0,34.0
main_full_field,full_field,Baseline,0.0,37,pulse,stimulated,60.0,0.02,0.5,6000.0,512a8299eaef29ce,125.62679587799357,27.952054367033167,0.3007049221314926,2,620475,parcel_psp_v1,main_parcel_traces/severity_0p0_seed_0037_pulse.npz,a8336e329997963de9d6f9e16786711f8f8b3ce8bfc7f1d854ad6f31a4cfd5e9,1657647.0,3000.0,34.0
main_full_field,full_field,Baseline,0.0,37,2Hz,stimulated,60.0,0.02,0.5,14500.0,512a8299eaef29ce,310.0572938370169,27.952054367033167,0.18279901833082945,2,620475,parcel_psp_v1,main_parcel_traces/severity_0p0_seed_0037_2Hz.npz,912299dca585005ed8198787b0aaf83f90b0f88da39adcb953f04f8fecf3e373,3667452.0,7250.0,34.0
main_full_field,full_field,Baseline,0.0,37,5Hz,stimulated,60.0,0.02,0.5,14500.0,512a8299eaef29ce,309.5023456600029,27.952054367033167,0.23349421048818364,2,620475,parcel_psp_v1,main_parcel_traces/severity_0p0_seed_0037_5Hz.npz,1769fd6a54f5548eb27d88b1d7655bdaddb8978f7b9eddb6dde48089c1367572,3154007.0,7250.0,34.0
main_full_field,full_field,Baseline,0.0,53,pulse,stimulated,60.0,0.02,0.5,6000.0,512a8299eaef29ce,126.45678564097034,27.742358097918057,0.30070597078010763,3,620469,parcel_psp_v1,main_parcel_traces/severity_0p0_seed_0053_pulse.npz,aaa26e36f0127a201e0724c8d71ced9ec847ce038ee7bdcecbeabd2bcde13a74,1657754.0,3000.0,34.0
main_full_field,full_field,Baseline,0.0,53,2Hz,stimulated,60.0,0.02,0.5,14500.0,512a8299eaef29ce,309.99436807999155,27.742358097918057,0.1827993415042286,3,620469,parcel_psp_v1,main_parcel_traces/severity_0p0_seed_0053_2Hz.npz,ec75bdeb96bfbf4c66a92222bd1465bb65e9999f7bb2dffe359b0bb60a86171b,3664458.0,7250.0,34.0
main_full_field,full_field,Baseline,0.0,53,5Hz,stimulated,60.0,0.02,0.5,14500.0,512a8299eaef29ce,308.67028848599875,27.742358097918057,0.23349419426234874,3,620469,parcel_psp_v1,main_parcel_traces/severity_0p0_seed_0053_5Hz.npz,9fb457f361549824ff067ed555b97aad7beb8b86b7e42fcbb9841009d80bffa3,3149268.0,7250.0,34.0
main_full_field,full_field,Baseline,0.0,71,pulse,stimulated,60.0,0.02,0.5,6000.0,512a8299eaef29ce,128.13517701800447,27.861384744705074,0.3007047874225339,4,620477,parcel_psp_v1,main_parcel_traces/severity_0p0_seed_0071_pulse.npz,fe73367a801ab17de93b30f6dd9670c2a87446ac54795bc65d26852201cd4459,1657600.0,3000.0,34.0
main_full_field,full_field,Baseline,0.0,71,2Hz,stimulated,60.0,0.02,0.5,14500.0,512a8299eaef29ce,312.7097872229642,27.861384744705074,0.18279881410946253,4,620477,parcel_psp_v1,main_parcel_traces/severity_0p0_seed_0071_2Hz.npz,9af59321481a59987996d9fdcc8e432eebd18d3d9236f7a8b505b19b3f5f5a63,3667020.0,7250.0,34.0
main_full_field,full_field,Baseline,0.0,71,5Hz,stimulated,60.0,0.02,0.5,14500.0,512a8299eaef29ce,313.1004045539885,27.861384744705074,0.2334938660254,4,620477,parcel_psp_v1,main_parcel_traces/severity_0p0_seed_0071_5Hz.npz,b213e7909e4093cf6b079ddb28f00c671b3ceb6e0ef2b5d6dec0c6419fd70b20,3166431.0,7250.0,34.0
main_full_field,full_field,Baseline,0.0,89,pulse,stimulated,60.0,0.02,0.5,6000.0,512a8299eaef29ce,125.88626503298292,27.920165905023133,0.3007057645160991,5,620478,parcel_psp_v1,main_parcel_traces/severity_0p0_seed_0089_pulse.npz,f571e3cece79221a2cf01eaffad1e6bff5417af7cba97dacdb663fd152600483,1657704.0,3000.0,34.0
main_full_field,full_field,Baseline,0.0,89,2Hz,stimulated,60.0,0.02,0.5,14500.0,512a8299eaef29ce,307.7151101210038,27.920165905023133,0.18279942898110413,5,620478,parcel_psp_v1,main_parcel_traces/severity_0p0_seed_0089_2Hz.npz,4d1e0a634b1cded7b3d3df199d450055aea25c7abfce30fedd23310d2c04618b,3670745.0,7250.0,34.0
main_full_field,full_field,Baseline,0.0,89,5Hz,stimulated,60.0,0.02,0.5,14500.0,512a8299eaef29ce,308.3367463040049,27.920165905023133,0.23349451525060516,5,620478,parcel_psp_v1,main_parcel_traces/severity_0p0_seed_0089_5Hz.npz,15064e9453259e58d71179d320e749470a6ec8bb0d109f22ccf08079e7ecc118,3172235.0,7250.0,34.0
main_full_field,full_field,Baseline,0.0,107,pulse,stimulated,60.0,0.02,0.5,6000.0,512a8299eaef29ce,130.82591004797723,27.85557679123712,0.3007061794922006,6,621515,parcel_psp_v1,main_parcel_traces/severity_0p0_seed_0107_pulse.npz,1dcbdd9981e943caf6e748b03edb254782000f94e92be7cdbab4c371a3a43e38,1657695.0,3000.0,34.0
main_full_field,full_field,Baseline,0.0,107,2Hz,stimulated,60.0,0.02,0.5,14500.0,512a8299eaef29ce,313.31345506501384,27.85557679123712,0.18279923151508903,6,621515,parcel_psp_v1,main_parcel_traces/severity_0p0_seed_0107_2Hz.npz,f67e7efbd330786f8a3fd261759d761caafeabbf870f906a7299e23bc380608d,3654199.0,7250.0,34.0
main_full_field,full_field,Baseline,0.0,107,5Hz,stimulated,60.0,0.02,0.5,14500.0,512a8299eaef29ce,305.2563362410292,27.85557679123712,0.2334938090735168,6,621515,parcel_psp_v1,main_parcel_traces/severity_0p0_seed_0107_5Hz.npz,44fed8a0fcff8f7a472d924c2638bc69ccc823a40555b71795570ca118aba13c,3133432.0,7250.0,34.0
main_full_field,full_field,Baseline,0.0,127,pulse,stimulated,60.0,0.02,0.5,6000.0,512a8299eaef29ce,131.31336230505258,27.69049193912416,0.30070564331041716,7,621523,parcel_psp_v1,main_parcel_traces/severity_0p0_seed_0127_pulse.npz,f05cc3cdb2bf9c8477d09623f51f046caed0ee8b9e06bd48698941e35adc64c1,1657934.0,3000.0,34.0
main_full_field,full_field,Baseline,0.0,127,2Hz,stimulated,60.0,0.02,0.5,14500.0,512a8299eaef29ce,313.78125333198113,27.69049193912416,0.18279934504791306,7,621523,parcel_psp_v1,main_parcel_traces/severity_0p0_seed_0127_2Hz.npz,f6a9e348a77e0f4dfb47e2103f880c20a11ddaab7ff8bcfb89f1c109c3eb4acc,3664979.0,7250.0,34.0
main_full_field,full_field,Baseline,0.0,127,5Hz,stimulated,60.0,0.02,0.5,14500.0,512a8299eaef29ce,307.5289465759997,27.69049193912416,0.2334944262480505,7,621523,parcel_psp_v1,main_parcel_traces/severity_0p0_seed_0127_5Hz.npz,f61c556c62a68f4de480155fa609938bec4dcfa6af4e62fd4ade554debc783b5,3163055.0,7250.0,34.0
main_full_field,full_field,Baseline,0.0,149,pulse,stimulated,60.0,0.02,0.5,6000.0,512a8299eaef29ce,131.18734111700905,27.893705609425236,0.30070484444593326,8,621513,parcel_psp_v1,main_parcel_traces/severity_0p0_seed_0149_pulse.npz,ce712ad5650c270cc54c4024066928647e0e997ba46918811c1d0d8886b67074,1657867.0,3000.0,34.0
main_full_field,full_field,Baseline,0.0,149,2Hz,stimulated,60.0,0.02,0.5,14500.0,512a8299eaef29ce,312.71395174396457,27.893705609425236,0.18279896444152577,8,621513,parcel_psp_v1,main_parcel_traces/severity_0p0_seed_0149_2Hz.npz,bae6cb423ac857f65a52380e581364bad235e928cf7dc333bcd8fca191dc163e,3667776.0,7250.0,34.0
main_full_field,full_field,Baseline,0.0,149,5Hz,stimulated,60.0,0.02,0.5,14500.0,512a8299eaef29ce,303.18729283695575,27.893705609425236,0.23349415101282567,8,621513,parcel_psp_v1,main_parcel_traces/severity_0p0_seed_0149_5Hz.npz,4e9f353bc538dc7152d27f5ff01bd3599fb9885974c9b5e62917ff91ea35276c,3143432.0,7250.0,34.0
main_full_field,full_field,Baseline,0.0,173,pulse,stimulated,60.0,0.02,0.5,6000.0,512a8299eaef29ce,130.30468564399052,27.750867263407404,0.3007053000142399,9,621529,parcel_psp_v1,main_parcel_traces/severity_0p0_seed_0173_pulse.npz,c3b9921baef426b9e6d90ed594461b79fdfa8c44cbacd0dc382e0417639ca767,1657777.0,3000.0,34.0
main_full_field,full_field,Baseline,0.0,173,2Hz,stimulated,60.0,0.02,0.5,14500.0,512a8299eaef29ce,315.654570616025,27.750867263407404,0.1827991222282801,9,621529,parcel_psp_v1,main_parcel_traces/severity_0p0_seed_0173_2Hz.npz,5893153a64e1913dbfbb3b732507a7c418aa4acd560adb789c79542c2981f621,3653478.0,7250.0,34.0
main_full_field,full_field,Baseline,0.0,173,5Hz,stimulated,60.0,0.02,0.5,14500.0,512a8299eaef29ce,309.3200692930259,27.750867263407404,0.2334941828051882,9,621529,parcel_psp_v1,main_parcel_traces/severity_0p0_seed_0173_5Hz.npz,39b9f15b5576ac860070bc4f8f0d06fc36aec2e584ec868ad55cdd7650e845ee,3144176.0,7250.0,34.0
main_full_field,full_field,Baseline,0.0,197,pulse,stimulated,60.0,0.02,0.5,6000.0,512a8299eaef29ce,137.75941098295152,27.88073904488959,0.30070691585940246,10,621518,parcel_psp_v1,main_parcel_traces/severity_0p0_seed_0197_pulse.npz,483b89badae09d51137b1a04e65f1ec4a693a2e47a22c455ed2433045ff71863,1657727.0,3000.0,34.0
main_full_field,full_field,Baseline,0.0,197,2Hz,stimulated,60.0,0.02,0.5,14500.0,512a8299eaef29ce,321.48353496199707,27.88073904488959,0.18279966682027826,10,621518,parcel_psp_v1,main_parcel_traces/severity_0p0_seed_0197_2Hz.npz,3ad601a7026f4639cfcada72c82904ca5e5f7ba50d0e8618288d2cadfada7d38,3656332.0,7250.0,34.0
main_full_field,full_field,Baseline,0.0,197,5Hz,stimulated,60.0,0.02,0.5,14500.0,512a8299eaef29ce,306.4807988550165,27.88073904488959,0.2334942457410225,10,621518,parcel_psp_v1,main_parcel_traces/severity_0p0_seed_0197_5Hz.npz,5ace45f4c2de2fd933e581b5cd463b44fe9899c83058119e7a487c470b20c098,3139821.0,7250.0,34.0
main_full_field,full_field,Baseline,0.0,223,pulse,stimulated,60.0,0.02,0.5,6000.0,512a8299eaef29ce,131.31990404904354,27.814107687900528,0.3007064393962473,11,621517,parcel_psp_v1,main_parcel_traces/severity_0p0_seed_0223_pulse.npz,3aa601e18e0e70c254f701cd18133c8a4e193654ee47b316a3e4bc50696d9ea0,1657510.0,3000.0,34.0
main_full_field,full_field,Baseline,0.0,223,2Hz,stimulated,60.0,0.02,0.5,14500.0,512a8299eaef29ce,314.46370457700687,27.814107687900528,0.1827995562907212,11,621517,parcel_psp_v1,main_parcel_traces/severity_0p0_seed_0223_2Hz.npz,36879819fc772947418916117eaf463125c200e157d2873918145c8c78e4fb21,3665454.0,7250.0,34.0
main_full_field,full_field,Baseline,0.0,223,5Hz,stimulated,60.0,0.02,0.5,14500.0,512a8299eaef29ce,312.6766401740024,27.814107687900528,0.233494332950281,11,621517,parcel_psp_v1,main_parcel_traces/severity_0p0_seed_0223_5Hz.npz,70b6dd2a31991c9d676b8846e21d3e7cd96df7610eb15dcb57d8da8673c79da0,3160336.0,7250.0,34.0
main_full_field,full_field,Baseline,0.0,251,pulse,stimulated,60.0,0.02,0.5,6000.0,512a8299eaef29ce,129.93184602702968,27.855422985378226,0.300705300038004,12,621507,parcel_psp_v1,main_parcel_traces/severity_0p0_seed_0251_pulse.npz,32ee205be9b40f0cf797775aea1522e50817366ff18bf4ccb2f9039a3a157dc2,1657797.0,3000.0,34.0
main_full_field,full_field,Baseline,0.0,251,2Hz,stimulated,60.0,0.02,0.5,14500.0,512a8299eaef29ce,311.9615584840067,27.855422985378226,0.1827991563136333,12,621507,parcel_psp_v1,main_parcel_traces/severity_0p0_seed_0251_2Hz.npz,7eb621f719390b95fefbf9b2e40fa2f997f01901c5fa76e4851828f7dc5e7ccd,3667549.0,7250.0,34.0
main_full_field,full_field,Baseline,0.0,251,5Hz,stimulated,60.0,0.02,0.5,14500.0,512a8299eaef29ce,305.34687746001873,27.855422985378226,0.23349425573968396,12,621507,parcel_psp_v1,main_parcel_traces/severity_0p0_seed_0251_5Hz.npz,fb2fe4baafa7bee3cf6f6dd8d175d1fa908558cf9f36d9505ebb977804903391,3154700.0,7250.0,34.0
main_full_field,full_field,Baseline,0.0,281,pulse,stimulated,60.0,0.02,0.5,6000.0,512a8299eaef29ce,132.43888791301288,28.00955589908802,0.30070454097610444,13,621516,parcel_psp_v1,main_parcel_traces/severity_0p0_seed_0281_pulse.npz,ea6eb2d3487128a100d7621b29dd3fe1dd035dd40a584b900a83382a20ef1433,1657927.0,3000.0,34.0
main_full_field,full_field,Baseline,0.0,281,2Hz,stimulated,60.0,0.02,0.5,14500.0,512a8299eaef29ce,314.2918652659864,28.00955589908802,0.18279877448314963,13,621516,parcel_psp_v1,main_parcel_traces/severity_0p0_seed_0281_2Hz.npz,8ed0f3b8766199bc123bf963e1992b7810a017c9e1e5655018b15e946cd8a3ac,3666065.0,7250.0,34.0
main_full_field,full_field,Baseline,0.0,281,5Hz,stimulated,60.0,0.02,0.5,14500.0,512a8299eaef29ce,300.1732328989892,28.00955589908802,0.23349395214175317,13,621516,parcel_psp_v1,main_parcel_traces/severity_0p0_seed_0281_5Hz.npz,ff29088c5d117c965d0138569c3605515afea83fed6b222bee0952bd1919c817,3153467.0,7250.0,34.0
main_full_field,full_field,Baseline,0.0,313,pulse,stimulated,60.0,0.02,0.5,6000.0,512a8299eaef29ce,129.9294342849753,27.85215829474318,0.3007046064818102,14,621519,parcel_psp_v1,main_parcel_traces/severity_0p0_seed_0313_pulse.npz,4be6d7295bdae9ca61a9a061799201e991e28133e35b1365960da6f3f2bbe9c3,1657940.0,3000.0,34.0
main_full_field,full_field,Baseline,0.0,313,2Hz,stimulated,60.0,0.02,0.5,14500.0,512a8299eaef29ce,310.8998488780344,27.85215829474318,0.18279893747055453,14,621519,parcel_psp_v1,main_parcel_traces/severity_0p0_seed_0313_2Hz.npz,5e967fa848b2b6a5074a2f631e81fe3532018cfb03f73deb50088e2cb437ccc2,3665279.0,7250.0,34.0
main_full_field,full_field,Baseline,0.0,313,5Hz,stimulated,60.0,0.02,0.5,14500.0,512a8299eaef29ce,305.5937408640166,27.85215829474318,0.2334942576789345,14,621519,parcel_psp_v1,main_parcel_traces/severity_0p0_seed_0313_5Hz.npz,5fe26e93f5fa7f5b3a128e352cb7cc0970b9bfbe213c1447164879329e9f7d43,3154183.0,7250.0,34.0
main_full_field,full_field,Baseline,0.0,347,pulse,stimulated,60.0,0.02,0.5,6000.0,512a8299eaef29ce,132.03461290698033,27.935705343157046,0.3007035342618831,15,621522,parcel_psp_v1,main_parcel_traces/severity_0p0_seed_0347_pulse.npz,b2ff0e4519a674d02bcec039f2f86211d9ff6282aa1acf61763e0befd468f318,1657661.0,3000.0,34.0
main_full_field,full_field,Baseline,0.0,347,2Hz,stimulated,60.0,0.02,0.5,14500.0,512a8299eaef29ce,309.26897074701265,27.935705343157046,0.18279827217230604,15,621522,parcel_psp_v1,main_parcel_traces/severity_0p0_seed_0347_2Hz.npz,2576689607dc51971e06094b41eff27522660a515becb16ad736a36e58b1b9d9,3667543.0,7250.0,34.0
main_full_field,full_field,Baseline,0.0,347,5Hz,stimulated,60.0,0.02,0.5,14500.0,512a8299eaef29ce,300.22600315802265,27.935705343157046,0.23349355585009945,15,621522,parcel_psp_v1,main_parcel_traces/severity_0p0_seed_0347_5Hz.npz,f9f16b0feef547fa9e8556c17b9735df4a4baabf42cbda58ca64c63af89a7587,3153694.0,7250.0,34.0
main_full_field,full_field,Baseline,0.0,383,pulse,stimulated,60.0,0.02,0.5,6000.0,512a8299eaef29ce,130.93875248800032,27.688123200513154,0.3007035961450715,16,621514,parcel_psp_v1,main_parcel_traces/severity_0p0_seed_0383_pulse.npz,c0620201171a955f37a133a032774723b1b25a9a5bebf272eabf58d648278481,1657983.0,3000.0,34.0
main_full_field,full_field,Baseline,0.0,383,2Hz,stimulated,60.0,0.02,0.5,14500.0,512a8299eaef29ce,320.6237775469781,27.688123200513154,0.18279839640283413,16,621514,parcel_psp_v1,main_parcel_traces/severity_0p0_seed_0383_2Hz.npz,0c90fbca2720e4c5dfd050cea14240cf9aab2067e1ce4f4ba98fdabca5633c5b,3656741.0,7250.0,34.0
main_full_field,full_field,Baseline,0.0,383,5Hz,stimulated,60.0,0.02,0.5,14500.0,512a8299eaef29ce,302.8601975290221,27.688123200513154,0.23349378499095153,16,621514,parcel_psp_v1,main_parcel_traces/severity_0p0_seed_0383_5Hz.npz,db38dbd62ac345a990c4f5a60f6e2f458a2822fc76a7afd72a9677ef63e0b36e,3142838.0,7250.0,34.0
main_full_field,full_field,Baseline,0.0,421,pulse,stimulated,60.0,0.02,0.5,6000.0,512a8299eaef29ce,131.43601790000685,27.86265060918083,0.3007053796760619,17,621525,parcel_psp_v1,main_parcel_traces/severity_0p0_seed_0421_pulse.npz,93bc7e1fec4836885a33d9080301952aa8199e3be91df1b55a9a47bec8dfb7b7,1657726.0,3000.0,34.0
main_full_field,full_field,Baseline,0.0,421,2Hz,stimulated,60.0,0.02,0.5,14500.0,512a8299eaef29ce,316.9857944769901,27.86265060918083,0.1827991692103872,17,621525,parcel_psp_v1,main_parcel_traces/severity_0p0_seed_0421_2Hz.npz,3fc6bc78868a440221ebb061908a31f79ee2d9ffe27cb1641429fcbf41f8554e,3653600.0,7250.0,34.0
main_full_field,full_field,Baseline,0.0,421,5Hz,stimulated,60.0,0.02,0.5,14500.0,512a8299eaef29ce,308.11507467000047,27.86265060918083,0.2334942259316417,17,621525,parcel_psp_v1,main_parcel_traces/severity_0p0_seed_0421_5Hz.npz,9c610f2e8bd4c637a02f96412532830dd505839ad3d59b6fb0df9f35f14e37f2,3143446.0,7250.0,34.0
main_full_field,full_field,Baseline,0.0,461,pulse,stimulated,60.0,0.02,0.5,6000.0,512a8299eaef29ce,131.25000081997132,27.889946701086995,0.30070459901683044,18,621528,parcel_psp_v1,main_parcel_traces/severity_0p0_seed_0461_pulse.npz,14f72a24355647bbf07909f382c20eb6b3e13f6f18e54028d01bdbc16a50e898,1657741.0,3000.0,34.0
main_full_field,full_field,Baseline,0.0,461,2Hz,stimulated,60.0,0.02,0.5,14500.0,512a8299eaef29ce,323.06472488102736,27.889946701086995,0.18279889695677376,18,621528,parcel_psp_v1,main_parcel_traces/severity_0p0_seed_0461_2Hz.npz,d0e647d985c086ebb8dd23f47029634a823df61e89141391786e3c8fe6cf919d,3666050.0,7250.0,34.0
main_full_field,full_field,Baseline,0.0,461,5Hz,stimulated,60.0,0.02,0.5,14500.0,512a8299eaef29ce,306.7149084190023,27.889946701086995,0.23349417450035936,18,621528,parcel_psp_v1,main_parcel_traces/severity_0p0_seed_0461_5Hz.npz,77584e99d396794e2403a0efa0b3c8cb9d906b49f023d232b3ad4cc5ffe1bdcf,3153365.0,7250.0,34.0
main_full_field,full_field,Baseline,0.0,503,pulse,stimulated,60.0,0.02,0.5,6000.0,512a8299eaef29ce,131.1294793660054,27.921620445287207,0.3007055455001524,19,621510,parcel_psp_v1,main_parcel_traces/severity_0p0_seed_0503_pulse.npz,c052fb98a2e4eaf308a058ea18b48e35b1ce7a18b785d9a4a415c389c2d5ae23,1657921.0,3000.0,34.0
main_full_field,full_field,Baseline,0.0,503,2Hz,stimulated,60.0,0.02,0.5,14500.0,512a8299eaef29ce,314.61438540101517,27.921620445287207,0.18279934922751018,19,621510,parcel_psp_v1,main_parcel_traces/severity_0p0_seed_0503_2Hz.npz,23a5d05cd8121a26b0a7908791196197bd5022e56b6bf4d1be5e140cb28ca3a9,3667479.0,7250.0,34.0
main_full_field,full_field,Baseline,0.0,503,5Hz,stimulated,60.0,0.02,0.5,14500.0,512a8299eaef29ce,306.931604153011,27.921620445287207,0.23349449991235716,19,621510,parcel_psp_v1,main_parcel_traces/severity_0p0_seed_0503_5Hz.npz,636bfc6a8d219ca6fdb3ca8e83cd12182443daace46bbeac97f257bb644319ae,3154013.0,7250.0,34.0
main_full_field,full_field,Intermediate AD-like perturbation,0.5,11,pulse,stimulated,60.0,0.02,0.5,6000.0,3982969b5c5cb0b2,132.15659381099977,43.124874495561386,10.546267330262639,20,620469,parcel_psp_v1,main_parcel_traces/severity_0p5_seed_0011_pulse.npz,f8d7118c6ca1f7db3b8650552021030cda9ba1ed11f2552000c7017c6cd418e5,1904480.0,3000.0,34.0
main_full_field,full_field,Intermediate AD-like perturbation,0.5,11,2Hz,stimulated,60.0,0.02,0.5,14500.0,3982969b5c5cb0b2,317.68163085600827,43.124874495561386,9.987751801357636,20,620469,parcel_psp_v1,main_parcel_traces/severity_0p5_seed_0011_2Hz.npz,78b6e1b7b487b692840a7e6778ee60e88437de267f852eb9e8c6d08400a443cf,5073652.0,7250.0,34.0
main_full_field,full_field,Intermediate AD-like perturbation,0.5,11,5Hz,stimulated,60.0,0.02,0.5,14500.0,3982969b5c5cb0b2,317.5606518019922,43.124874495561386,10.667668143029262,20,620469,parcel_psp_v1,main_parcel_traces/severity_0p5_seed_0011_5Hz.npz,2f60d9fb49ef36e9807826d6ff61d692979d7f7b5beeb997d05348bf32a52d63,5075508.0,7250.0,34.0
main_full_field,full_field,Intermediate AD-like perturbation,0.5,23,pulse,stimulated,60.0,0.02,0.5,6000.0,3982969b5c5cb0b2,137.86808957200265,43.21149969152097,1.0252189497086572,21,620475,parcel_psp_v1,main_parcel_traces/severity_0p5_seed_0023_pulse.npz,d0083ae743fb20788296406a58ba28a1f5373401955fdd93fffdfb49ffb50a0e,1887932.0,3000.0,34.0
main_full_field,full_field,Intermediate AD-like perturbation,0.5,23,2Hz,stimulated,60.0,0.02,0.5,14500.0,3982969b5c5cb0b2,325.3041985940072,43.21149969152097,9.461520446978243,21,620475,parcel_psp_v1,main_parcel_traces/severity_0p5_seed_0023_2Hz.npz,e0c2b66542f097dff18bb9cdb5ea9886a32adec9e98d549e222723e38067d9d5,5047936.0,7250.0,34.0
main_full_field,full_field,Intermediate AD-like perturbation,0.5,23,5Hz,stimulated,60.0,0.02,0.5,14500.0,3982969b5c5cb0b2,317.9393611610285,43.21149969152097,9.799560559491368,21,620475,parcel_psp_v1,main_parcel_traces/severity_0p5_seed_0023_5Hz.npz,2220837759cc998e336e5886aa4e2d356d14a764b838b7130bc5140d5a12975f,5054091.0,7250.0,34.0
main_full_field,full_field,Intermediate AD-like perturbation,0.5,37,pulse,stimulated,60.0,0.02,0.5,6000.0,3982969b5c5cb0b2,131.2304895260022,43.91915564162542,1.9099530455751506,22,620478,parcel_psp_v1,main_parcel_traces/severity_0p5_seed_0037_pulse.npz,194ad7985739416720f4b7bf47c1021126e3038bdeb27f10897574b45cefbb24,1894040.0,3000.0,34.0
main_full_field,full_field,Intermediate AD-like perturbation,0.5,37,2Hz,stimulated,60.0,0.02,0.5,14500.0,3982969b5c5cb0b2,317.4214173950022,43.91915564162542,1.3383272609488461,22,620478,parcel_psp_v1,main_parcel_traces/severity_0p5_seed_0037_2Hz.npz,167c61d82c69bce8f6c171d49b03366890bb208efd30489c36eafc5715f48d45,4995507.0,7250.0,34.0
main_full_field,full_field,Intermediate AD-like perturbation,0.5,37,5Hz,stimulated,60.0,0.02,0.5,14500.0,3982969b5c5cb0b2,316.3770385090029,43.91915564162542,9.334009037465048,22,620478,parcel_psp_v1,main_parcel_traces/severity_0p5_seed_0037_5Hz.npz,538d50a526a75384a32ccbae0fae4067f260482450c2fc04214406ba0aa60de0,5025386.0,7250.0,34.0
main_full_field,full_field,Intermediate AD-like perturbation,0.5,53,pulse,stimulated,60.0,0.02,0.5,6000.0,3982969b5c5cb0b2,133.9893672199687,43.49381860533085,0.29545773835805456,23,620477,parcel_psp_v1,main_parcel_traces/severity_0p5_seed_0053_pulse.npz,712d43d0e0d1abc0b0e552162c1131a18e3155433a6fde0c2d1875320df40f2a,1882912.0,3000.0,34.0
main_full_field,full_field,Intermediate AD-like perturbation,0.5,53,2Hz,stimulated,60.0,0.02,0.5,14500.0,3982969b5c5cb0b2,321.6296728030429,43.49381860533085,10.424961409195932,23,620477,parcel_psp_v1,main_parcel_traces/severity_0p5_seed_0053_2Hz.npz,ca0a0b732b1ec3b45df160c17081fc83673750b0207b752d45d002efc167755c,5033109.0,7250.0,34.0
main_full_field,full_field,Intermediate AD-like perturbation,0.5,53,5Hz,stimulated,60.0,0.02,0.5,14500.0,3982969b5c5cb0b2,320.3103293949971,43.49381860533085,8.830676029527467,23,620477,parcel_psp_v1,main_parcel_traces/severity_0p5_seed_0053_5Hz.npz,dd2b4fe1711b0c5930dc874c004d5cdc5a9efcb3a11b53066c41ae75eeb76c87,5036149.0,7250.0,34.0
main_full_field,full_field,Intermediate AD-like perturbation,0.5,71,pulse,stimulated,60.0,0.02,0.5,6000.0,3982969b5c5cb0b2,133.28617087798193,43.11178570789619,8.113179670737074,24,621522,parcel_psp_v1,main_parcel_traces/severity_0p5_seed_0071_pulse.npz,ce6e1d0de208f4ddb83f7d991e1354d243ebe917b216a4bf88a48d6463747921,1902672.0,3000.0,34.0
main_full_field,full_field,Intermediate AD-like perturbation,0.5,71,2Hz,stimulated,60.0,0.02,0.5,14500.0,3982969b5c5cb0b2,321.1180930600385,43.11178570789619,10.425995413582491,24,621522,parcel_psp_v1,main_parcel_traces/severity_0p5_seed_0071_2Hz.npz,bc5fe8b38aa5cfcfc9939abd0c14568b2a16e02001cc62fd5af3f305583408c4,5080627.0,7250.0,34.0
main_full_field,full_field,Intermediate AD-like perturbation,0.5,71,5Hz,stimulated,60.0,0.02,0.5,14500.0,3982969b5c5cb0b2,318.1039396930137,43.11178570789619,10.518838930230782,24,621522,parcel_psp_v1,main_parcel_traces/severity_0p5_seed_0071_5Hz.npz,43bb2ca4bc15fd2e4875ad14b0c23b67259e72f8caff416bbd5bafd030f1c62d,5080028.0,7250.0,34.0
main_full_field,full_field,Intermediate AD-like perturbation,0.5,89,pulse,stimulated,60.0,0.02,0.5,6000.0,3982969b5c5cb0b2,132.39440465299413,41.72576138069366,0.2954274689484908,25,621519,parcel_psp_v1,main_parcel_traces/severity_0p5_seed_0089_pulse.npz,7dc44fbbf4eab2b1ab80a8b4397601c001513b8a0e70abcc1dfa97113570ed2d,1881724.0,3000.0,34.0
main_full_field,full_field,Intermediate AD-like perturbation,0.5,89,2Hz,stimulated,60.0,0.02,0.5,14500.0,3982969b5c5cb0b2,321.89671556203393,41.72576138069366,10.238378876215886,25,621519,parcel_psp_v1,main_parcel_traces/severity_0p5_seed_0089_2Hz.npz,0af9ebe0b3fcf8d8d63e11d97c3fe2473e951502cb2bbff7341cd20061c4c5b7,5035124.0,7250.0,34.0
main_full_field,full_field,Intermediate AD-like perturbation,0.5,89,5Hz,stimulated,60.0,0.02,0.5,14500.0,3982969b5c5cb0b2,318.82721267599845,41.72576138069366,9.54318338246106,25,621519,parcel_psp_v1,main_parcel_traces/severity_0p5_seed_0089_5Hz.npz,7ee2df5d9085661a4a88626cef13f4dfbd21a4f24a788a98933ded3792d12d20,5037288.0,7250.0,34.0
main_full_field,full_field,Intermediate AD-like perturbation,0.5,107,pulse,stimulated,60.0,0.02,0.5,6000.0,3982969b5c5cb0b2,133.55805010301992,43.73468695199226,3.3085976928793333,26,621507,parcel_psp_v1,main_parcel_traces/severity_0p5_seed_0107_pulse.npz,4db8209e73961ca1da80d07357244355fb2f00a97404718d061d5cfea88512a2,1893651.0,3000.0,34.0
main_full_field,full_field,Intermediate AD-like perturbation,0.5,107,2Hz,stimulated,60.0,0.02,0.5,14500.0,3982969b5c5cb0b2,323.08636047597975,43.73468695199226,9.250566615168253,26,621507,parcel_psp_v1,main_parcel_traces/severity_0p5_seed_0107_2Hz.npz,25247013f37bbd67a36ec867f2888a4525cc240bd6d947ab42da862aba0b5fa1,5030347.0,7250.0,34.0
main_full_field,full_field,Intermediate AD-like perturbation,0.5,107,5Hz,stimulated,60.0,0.02,0.5,14500.0,3982969b5c5cb0b2,320.1107292599627,43.73468695199226,5.391956798468756,26,621507,parcel_psp_v1,main_parcel_traces/severity_0p5_seed_0107_5Hz.npz,1cde221f10cde041a92e7558483baf23b7caa90833539ddaed7da067b72730a6,5021037.0,7250.0,34.0
main_full_field,full_field,Intermediate AD-like perturbation,0.5,127,pulse,stimulated,60.0,0.02,0.5,6000.0,3982969b5c5cb0b2,137.3304389230325,42.35602670398124,0.3126826617763374,27,621513,parcel_psp_v1,main_parcel_traces/severity_0p5_seed_0127_pulse.npz,d851280322675be491ace926d00dcf2a9cc9beb89ea24b28375635799e50a98e,1889577.0,3000.0,34.0
main_full_field,full_field,Intermediate AD-like perturbation,0.5,127,2Hz,stimulated,60.0,0.02,0.5,14500.0,3982969b5c5cb0b2,334.7738903579884,42.35602670398124,9.073731275104485,27,621513,parcel_psp_v1,main_parcel_traces/severity_0p5_seed_0127_2Hz.npz,3055c37fec1de6f0c1b28c2d9ba4aa4a91dd20fe4418aeb402aefaf0e3d1afcc,5017172.0,7250.0,34.0
main_full_field,full_field,Intermediate AD-like perturbation,0.5,127,5Hz,stimulated,60.0,0.02,0.5,14500.0,3982969b5c5cb0b2,316.5168013990042,42.35602670398124,3.219712199747347,27,621513,parcel_psp_v1,main_parcel_traces/severity_0p5_seed_0127_5Hz.npz,641a08e6a8e08c073bd999329ed318ba0d93d2b5939244bffa5ed0addf7d8e11,5009950.0,7250.0,34.0
main_full_field,full_field,Intermediate AD-like perturbation,0.5,149,pulse,stimulated,60.0,0.02,0.5,6000.0,3982969b5c5cb0b2,132.77177712100092,44.122139538624495,1.568056465484231,28,621515,parcel_psp_v1,main_parcel_traces/severity_0p5_seed_0149_pulse.npz,f41900d30c5dbe5313d59897875541d94ff9ebfac82607d501ee0873b0f22072,1885872.0,3000.0,34.0
main_full_field,full_field,Intermediate AD-like perturbation,0.5,149,2Hz,stimulated,60.0,0.02,0.5,14500.0,3982969b5c5cb0b2,317.7426087700296,44.122139538624495,10.350840989786283,28,621515,parcel_psp_v1,main_parcel_traces/severity_0p5_seed_0149_2Hz.npz,59eca190360f71a8ffa95b8939712734402ff0baad50fab7a02b485ed4f9292c,5031839.0,7250.0,34.0
main_full_field,full_field,Intermediate AD-like perturbation,0.5,149,5Hz,stimulated,60.0,0.02,0.5,14500.0,3982969b5c5cb0b2,316.6139902440482,44.122139538624495,9.917637539946401,28,621515,parcel_psp_v1,main_parcel_traces/severity_0p5_seed_0149_5Hz.npz,3031b813f260abfdddc84ad3bf55c4fc6de95d7d214df6eef2b336ad83acbdd0,5052087.0,7250.0,34.0
main_full_field,full_field,Intermediate AD-like perturbation,0.5,173,pulse,stimulated,60.0,0.02,0.5,6000.0,3982969b5c5cb0b2,133.16975616599666,44.02710472059766,11.201882134633472,29,621516,parcel_psp_v1,main_parcel_traces/severity_0p5_seed_0173_pulse.npz,3c9b9582c153be5e3d81db1405466acc8d72efc6ee719f0ba3a462ea6fb7e4ac,1901950.0,3000.0,34.0
main_full_field,full_field,Intermediate AD-like perturbation,0.5,173,2Hz,stimulated,60.0,0.02,0.5,14500.0,3982969b5c5cb0b2,322.93761162803276,44.02710472059766,11.676209770562092,29,621516,parcel_psp_v1,main_parcel_traces/severity_0p5_seed_0173_2Hz.npz,12e8eb1cc63fd3f28a4edf01578fa0e9a259a3e6165c804613521527efb9e0df,5078415.0,7250.0,34.0
main_full_field,full_field,Intermediate AD-like perturbation,0.5,173,5Hz,stimulated,60.0,0.02,0.5,14500.0,3982969b5c5cb0b2,319.41559217398753,44.02710472059766,11.449439912914638,29,621516,parcel_psp_v1,main_parcel_traces/severity_0p5_seed_0173_5Hz.npz,3d67b523a77551c009408c6ecc177871cfc6377cf7cf856dd2ebc424d0b6ad0c,5083076.0,7250.0,34.0
main_full_field,full_field,Intermediate AD-like perturbation,0.5,197,pulse,stimulated,60.0,0.02,0.5,6000.0,3982969b5c5cb0b2,132.47255183098605,42.20853985059336,0.8977342077485044,30,621510,parcel_psp_v1,main_parcel_traces/severity_0p5_seed_0197_pulse.npz,08fe3a7a0d188b549e196da78b22c30636dbc0a26ac75d8286e4050cd1ff8947,1891150.0,3000.0,34.0
main_full_field,full_field,Intermediate AD-like perturbation,0.5,197,2Hz,stimulated,60.0,0.02,0.5,14500.0,3982969b5c5cb0b2,319.92704133701045,42.20853985059336,10.156646713063225,30,621510,parcel_psp_v1,main_parcel_traces/severity_0p5_seed_0197_2Hz.npz,eef0e597be52452b46053cab000cb862a69f0d9399f466e58f6b0ff9d96cfd34,5077284.0,7250.0,34.0
main_full_field,full_field,Intermediate AD-like perturbation,0.5,197,5Hz,stimulated,60.0,0.02,0.5,14500.0,3982969b5c5cb0b2,318.231651073962,42.20853985059336,10.027260193465391,30,621510,parcel_psp_v1,main_parcel_traces/severity_0p5_seed_0197_5Hz.npz,a6b9f64d9b9d8fae89443549ad61ccba1243b8fe42fa6a8ef3c7e91af4029297,5066126.0,7250.0,34.0
main_full_field,full_field,Intermediate AD-like perturbation,0.5,223,pulse,stimulated,60.0,0.02,0.5,6000.0,3982969b5c5cb0b2,131.55901129398262,43.085736580277185,10.335364229158335,31,621523,parcel_psp_v1,main_parcel_traces/severity_0p5_seed_0223_pulse.npz,a5a9f71d8c6e175e92abd465453d8f0dd2ddaa75d819b653a8df48a239cff96e,1899806.0,3000.0,34.0
main_full_field,full_field,Intermediate AD-like perturbation,0.5,223,2Hz,stimulated,60.0,0.02,0.5,14500.0,3982969b5c5cb0b2,315.96828910399927,43.085736580277185,10.392954086607743,31,621523,parcel_psp_v1,main_parcel_traces/severity_0p5_seed_0223_2Hz.npz,2653fc5b3330444bc4206a780a47d9ad682f78c6769fe92f9f508f98235b8866,5071495.0,7250.0,34.0
main_full_field,full_field,Intermediate AD-like perturbation,0.5,223,5Hz,stimulated,60.0,0.02,0.5,14500.0,3982969b5c5cb0b2,318.7982915980392,43.085736580277185,10.449514028341795,31,621523,parcel_psp_v1,main_parcel_traces/severity_0p5_seed_0223_5Hz.npz,92af7e0968fb6565c08032e1f7db908baaca5b4d0e96f059e9e1dcbf816b9702,5073454.0,7250.0,34.0
main_full_field,full_field,Intermediate AD-like perturbation,0.5,251,pulse,stimulated,60.0,0.02,0.5,6000.0,3982969b5c5cb0b2,135.14009128703037,43.587226976143256,9.825620234166337,32,621529,parcel_psp_v1,main_parcel_traces/severity_0p5_seed_0251_pulse.npz,ca5d77c8ea8d90ceacc21fcdb18988fd80b54d1ca46d77636e5a7fa673a692e4,1903024.0,3000.0,34.0
main_full_field,full_field,Intermediate AD-like perturbation,0.5,251,2Hz,stimulated,60.0,0.02,0.5,14500.0,3982969b5c5cb0b2,321.61932229896775,43.587226976143256,9.270063861968225,32,621529,parcel_psp_v1,main_parcel_traces/severity_0p5_seed_0251_2Hz.npz,2440ef23772c0be81b5adbd0efac3305934736e47baee24a0699c0f11568cae6,5025020.0,7250.0,34.0
main_full_field,full_field,Intermediate AD-like perturbation,0.5,251,5Hz,stimulated,60.0,0.02,0.5,14500.0,3982969b5c5cb0b2,315.39563143096166,43.587226976143256,10.509016205952696,32,621529,parcel_psp_v1,main_parcel_traces/severity_0p5_seed_0251_5Hz.npz,80bf4cf654d5f20f08c5fa6e5242178f5cd6f4d8631c24305dc60e9993c0abb5,5076902.0,7250.0,34.0
main_full_field,full_field,Intermediate AD-like perturbation,0.5,281,pulse,stimulated,60.0,0.02,0.5,6000.0,3982969b5c5cb0b2,136.2827042490244,43.545121942956314,0.2954012701495419,33,621525,parcel_psp_v1,main_parcel_traces/severity_0p5_seed_0281_pulse.npz,e31c931533442118fd1946a370e9b0a2aa89eaf5e8d681cbf85a53a0f6b75aa1,1884711.0,3000.0,34.0
main_full_field,full_field,Intermediate AD-like perturbation,0.5,281,2Hz,stimulated,60.0,0.02,0.5,14500.0,3982969b5c5cb0b2,324.56163289700635,43.545121942956314,10.255265063994093,33,621525,parcel_psp_v1,main_parcel_traces/severity_0p5_seed_0281_2Hz.npz,11af72d53f256fe270224b536f5ad681ceb21780463d5c5d6675a0bf1974d1ed,5035859.0,7250.0,34.0
main_full_field,full_field,Intermediate AD-like perturbation,0.5,281,5Hz,stimulated,60.0,0.02,0.5,14500.0,3982969b5c5cb0b2,319.51298179099103,43.545121942956314,9.87436350334298,33,621525,parcel_psp_v1,main_parcel_traces/severity_0p5_seed_0281_5Hz.npz,57c0140f65fd75a190cce8a842ce007038555339be08bca40f2d8d5cc116852c,5044592.0,7250.0,34.0
main_full_field,full_field,Intermediate AD-like perturbation,0.5,313,pulse,stimulated,60.0,0.02,0.5,6000.0,3982969b5c5cb0b2,143.17459826602135,42.27222693049109,0.43558376220681083,34,621517,parcel_psp_v1,main_parcel_traces/severity_0p5_seed_0313_pulse.npz,752300da3c4fa2657c43d7504981e61dfad569f7dde06fadd594560ddb165221,1887860.0,3000.0,34.0
main_full_field,full_field,Intermediate AD-like perturbation,0.5,313,2Hz,stimulated,60.0,0.02,0.5,14500.0,3982969b5c5cb0b2,335.0825958689675,42.27222693049109,10.823628807174853,34,621517,parcel_psp_v1,main_parcel_traces/severity_0p5_seed_0313_2Hz.npz,6c542284d9764685ec80e7b854f560d5263b4269f720345a43287e7a60217479,5058343.0,7250.0,34.0
main_full_field,full_field,Intermediate AD-like perturbation,0.5,313,5Hz,stimulated,60.0,0.02,0.5,14500.0,3982969b5c5cb0b2,311.40504097304074,42.27222693049109,10.26220406925702,34,621517,parcel_psp_v1,main_parcel_traces/severity_0p5_seed_0313_5Hz.npz,5be91e59b1c341c5efae8609443e28effee98890edc568bd8d8068fc7e2aadd2,5055558.0,7250.0,34.0
main_full_field,full_field,Intermediate AD-like perturbation,0.5,347,pulse,stimulated,60.0,0.02,0.5,6000.0,3982969b5c5cb0b2,133.0917636580416,44.26844315713501,0.2951923181299758,35,621514,parcel_psp_v1,main_parcel_traces/severity_0p5_seed_0347_pulse.npz,68aaf67524dd271eaac8fea687725674bba295f6d809f9e33be7e8cf188cbcbf,1885320.0,3000.0,34.0
main_full_field,full_field,Intermediate AD-like perturbation,0.5,347,2Hz,stimulated,60.0,0.02,0.5,14500.0,3982969b5c5cb0b2,321.98545545805246,44.26844315713501,8.989592444640255,35,621514,parcel_psp_v1,main_parcel_traces/severity_0p5_seed_0347_2Hz.npz,8b51faf559c656b7267b9318041e047027144c693a494c752bb4448ae244525f,5015238.0,7250.0,34.0
main_full_field,full_field,Intermediate AD-like perturbation,0.5,347,5Hz,stimulated,60.0,0.02,0.5,14500.0,3982969b5c5cb0b2,318.1440564529621,44.26844315713501,10.51762989907728,35,621514,parcel_psp_v1,main_parcel_traces/severity_0p5_seed_0347_5Hz.npz,f4ddc57e15267a802a3cbd228902296800d1bbb76d3de6457b5733a7fddb477e,5065447.0,7250.0,34.0
main_full_field,full_field,Intermediate AD-like perturbation,0.5,383,pulse,stimulated,60.0,0.02,0.5,6000.0,3982969b5c5cb0b2,134.57167181000113,42.92212616858085,0.2951855418863456,36,621518,parcel_psp_v1,main_parcel_traces/severity_0p5_seed_0383_pulse.npz,dbe93b0b9cf6f65dad01f918c833e70f66bf6b14bc5a63f0ca73a6bede9055be,1884239.0,3000.0,34.0
main_full_field,full_field,Intermediate AD-like perturbation,0.5,383,2Hz,stimulated,60.0,0.02,0.5,14500.0,3982969b5c5cb0b2,324.49125945102423,42.92212616858085,9.76918881026701,36,621518,parcel_psp_v1,main_parcel_traces/severity_0p5_seed_0383_2Hz.npz,3241abaf11752ce79755bd6eff5eb10ab412bacc8d1d06d5e7b5805815349c26,5047600.0,7250.0,34.0
main_full_field,full_field,Intermediate AD-like perturbation,0.5,383,5Hz,stimulated,60.0,0.02,0.5,14500.0,3982969b5c5cb0b2,321.0541442279937,42.92212616858085,10.134126461222529,36,621518,parcel_psp_v1,main_parcel_traces/severity_0p5_seed_0383_5Hz.npz,20649058677ec497c69709d5da5f23df5e280c3d8e7f5e19997d23cd2e23dce4,5047339.0,7250.0,34.0
main_full_field,full_field,Intermediate AD-like perturbation,0.5,421,pulse,stimulated,60.0,0.02,0.5,6000.0,3982969b5c5cb0b2,134.20666988799348,43.978426797508405,0.2955842601631513,37,621528,parcel_psp_v1,main_parcel_traces/severity_0p5_seed_0421_pulse.npz,b503783c795d3be6996e5adc4d3ee55fe7318ed712d51cfc84a66ef09c0642d8,1882522.0,3000.0,34.0
main_full_field,full_field,Intermediate AD-like perturbation,0.5,421,2Hz,stimulated,60.0,0.02,0.5,14500.0,3982969b5c5cb0b2,322.2227933329996,43.978426797508405,8.931621235582153,37,621528,parcel_psp_v1,main_parcel_traces/severity_0p5_seed_0421_2Hz.npz,8df89823160b454820206b952eeee42f05f536f2e3ce22c4d3d7750434b3e5bb,5009516.0,7250.0,34.0
main_full_field,full_field,Intermediate AD-like perturbation,0.5,421,5Hz,stimulated,60.0,0.02,0.5,14500.0,3982969b5c5cb0b2,319.3944340319722,43.978426797508405,9.275201560956482,37,621528,parcel_psp_v1,main_parcel_traces/severity_0p5_seed_0421_5Hz.npz,e3f73f021b28883f349635e4d39cc1f2c593802acf1a0cd05f6794298da939d3,5023180.0,7250.0,34.0
main_full_field,full_field,Intermediate AD-like perturbation,0.5,461,pulse,stimulated,60.0,0.02,0.5,6000.0,3982969b5c5cb0b2,135.4236123440205,41.98724915905824,2.6780642403498938,38,622722,parcel_psp_v1,main_parcel_traces/severity_0p5_seed_0461_pulse.npz,80e64f2c623459adb4f063cde3e2ded87d7eca507fea4bdfde50a67643780596,1893250.0,3000.0,34.0
main_full_field,full_field,Intermediate AD-like perturbation,0.5,461,2Hz,stimulated,60.0,0.02,0.5,14500.0,3982969b5c5cb0b2,324.1207820290001,41.98724915905824,10.566435191787473,38,622722,parcel_psp_v1,main_parcel_traces/severity_0p5_seed_0461_2Hz.npz,811cb7e0592ff2d66a41570cd8dad518669a186dc708f119a135f153aa569118,5051595.0,7250.0,34.0
main_full_field,full_field,Intermediate AD-like perturbation,0.5,461,5Hz,stimulated,60.0,0.02,0.5,14500.0,3982969b5c5cb0b2,278.5285878519644,41.98724915905824,11.795684029810813,38,622722,parcel_psp_v1,main_parcel_traces/severity_0p5_seed_0461_5Hz.npz,0ce1653a7e3d3ebc8432af9ee81c3440b6834398ce78f1b14c0701eacac3d534,5102446.0,7250.0,34.0
main_full_field,full_field,Intermediate AD-like perturbation,0.5,503,pulse,stimulated,60.0,0.02,0.5,6000.0,3982969b5c5cb0b2,134.88234467699658,44.0974960514598,0.2956086966418745,39,622718,parcel_psp_v1,main_parcel_traces/severity_0p5_seed_0503_pulse.npz,e5010fbf26a009960c25d0ac064efeb5da8c8fd4cfcd4762502f71fa449ea56c,1883617.0,3000.0,34.0
main_full_field,full_field,Intermediate AD-like perturbation,0.5,503,2Hz,stimulated,60.0,0.02,0.5,14500.0,3982969b5c5cb0b2,320.6051429809886,44.0974960514598,9.86833984245046,39,622718,parcel_psp_v1,main_parcel_traces/severity_0p5_seed_0503_2Hz.npz,f4232b35742aa961b8ebcedc8afd6c69b7e12ee4612afe4aaf0e876f44c1af23,5023591.0,7250.0,34.0
main_full_field,full_field,Intermediate AD-like perturbation,0.5,503,5Hz,stimulated,60.0,0.02,0.5,14500.0,3982969b5c5cb0b2,275.9398455839837,44.0974960514598,10.013858128132636,39,622718,parcel_psp_v1,main_parcel_traces/severity_0p5_seed_0503_5Hz.npz,fc263c5f0119b9645ba5a02e686ccb500b3a81d5666e501905f64d641e91b31b,5036769.0,7250.0,34.0
main_full_field,full_field,High AD-like perturbation,1.0,37,pulse,stimulated,60.0,0.02,0.5,6000.0,ac884c60d8359016,129.98847369104624,78.38414174980988,0.29847326853076694,42,620478,parcel_psp_v1,main_parcel_traces/severity_1p0_seed_0037_pulse.npz,190cf44577cc313ba31f64524772cd21668149a3c26badb461d6bd90de52ca11,1924930.0,3000.0,34.0
main_full_field,full_field,High AD-like perturbation,1.0,37,2Hz,stimulated,60.0,0.02,0.5,14500.0,ac884c60d8359016,310.24224832002074,78.38414174980988,0.6715408518119048,42,620478,parcel_psp_v1,main_parcel_traces/severity_1p0_seed_0037_2Hz.npz,2ed3fb2849d7495ebe49ffe6883c79a2c06037bd6f0ddd3b355f3dd7abf1a1c8,5122822.0,7250.0,34.0
main_full_field,full_field,High AD-like perturbation,1.0,37,5Hz,stimulated,60.0,0.02,0.5,14500.0,ac884c60d8359016,309.8185220750165,78.38414174980988,0.9156168187723388,42,620478,parcel_psp_v1,main_parcel_traces/severity_1p0_seed_0037_5Hz.npz,52513cc9dc5d7dd3803bf4191454dad759afcd2233c2035bedb54b949141332f,5129924.0,7250.0,34.0
main_full_field,full_field,High AD-like perturbation,1.0,53,pulse,stimulated,60.0,0.02,0.5,6000.0,ac884c60d8359016,131.09151596098673,77.87211109963286,0.2982676661897177,43,620469,parcel_psp_v1,main_parcel_traces/severity_1p0_seed_0053_pulse.npz,31a42136ad7561868c254189d2ff4ef70b1f8d325239c86a3445a5d2e52d7267,1924096.0,3000.0,34.0
main_full_field,full_field,High AD-like perturbation,1.0,53,2Hz,stimulated,60.0,0.02,0.5,14500.0,ac884c60d8359016,315.11295237904415,77.87211109963286,0.5324204591925508,43,620469,parcel_psp_v1,main_parcel_traces/severity_1p0_seed_0053_2Hz.npz,879b66d628fc2d388250768661cb8111f331a77cd86c708c6653cac5b6a86471,5119498.0,7250.0,34.0
main_full_field,full_field,High AD-like perturbation,1.0,53,5Hz,stimulated,60.0,0.02,0.5,14500.0,ac884c60d8359016,315.4822189449915,77.87211109963286,0.8325414627742251,43,620469,parcel_psp_v1,main_parcel_traces/severity_1p0_seed_0053_5Hz.npz,0530f4f199a2526d64ee25fd40e1cf293e8b6582c6f40e1268461615a6ef592a,5125930.0,7250.0,34.0
main_full_field,full_field,High AD-like perturbation,1.0,71,pulse,stimulated,60.0,0.02,0.5,6000.0,ac884c60d8359016,131.39851177600212,76.11645289445232,0.29847661035154616,44,621523,parcel_psp_v1,main_parcel_traces/severity_1p0_seed_0071_pulse.npz,c228284617cc006e02291ea4801cc4a38380efa864cc1126fb291e621528d5b5,1925438.0,3000.0,34.0
main_full_field,full_field,High AD-like perturbation,1.0,71,2Hz,stimulated,60.0,0.02,0.5,14500.0,ac884c60d8359016,312.59850869403454,76.11645289445232,2.0254697783630933,44,621523,parcel_psp_v1,main_parcel_traces/severity_1p0_seed_0071_2Hz.npz,47d19af4603ce02e218de2b04d38772c2cae0b5c46b92448803a20fa33a85c7e,5121733.0,7250.0,34.0
main_full_field,full_field,High AD-like perturbation,1.0,71,5Hz,stimulated,60.0,0.02,0.5,14500.0,ac884c60d8359016,314.53929405502276,76.11645289445232,1.6432265990736497,44,621523,parcel_psp_v1,main_parcel_traces/severity_1p0_seed_0071_5Hz.npz,b655fb4ce5708b360f438e0bcfc6573a85f827ee7c06d1a087eb9249dca61c18,5119614.0,7250.0,34.0
main_full_field,full_field,High AD-like perturbation,1.0,89,pulse,stimulated,60.0,0.02,0.5,6000.0,ac884c60d8359016,132.83350640599383,73.94302948301296,0.2988002965849308,45,621515,parcel_psp_v1,main_parcel_traces/severity_1p0_seed_0089_pulse.npz,6165857c36d8a6f69a18187caa8acb26a7f9cd60918b55d952b1f59bf16e9b20,1924580.0,3000.0,34.0
main_full_field,full_field,High AD-like perturbation,1.0,89,2Hz,stimulated,60.0,0.02,0.5,14500.0,ac884c60d8359016,317.5805397920194,73.94302948301296,0.4553807303967652,45,621515,parcel_psp_v1,main_parcel_traces/severity_1p0_seed_0089_2Hz.npz,a6567379fa937a881b92ef7f9f58693e47f79e3f6e2a34a48d6487629de4b879,5117721.0,7250.0,34.0
main_full_field,full_field,High AD-like perturbation,1.0,89,5Hz,stimulated,60.0,0.02,0.5,14500.0,ac884c60d8359016,312.768142092973,73.94302948301296,0.8308533799187039,45,621515,parcel_psp_v1,main_parcel_traces/severity_1p0_seed_0089_5Hz.npz,bf8a7235fad984ae78a3d6bd8875e239c71255a9696b2b7b249a96e82284daa6,5121628.0,7250.0,34.0
main_full_field,full_field,High AD-like perturbation,1.0,107,pulse,stimulated,60.0,0.02,0.5,6000.0,ac884c60d8359016,130.39322133804671,76.86620933564932,0.2985487206547113,46,621510,parcel_psp_v1,main_parcel_traces/severity_1p0_seed_0107_pulse.npz,60a38ddc19452d20de020ce88f09d91df7e884006d9f6868c0d989723414f51f,1925020.0,3000.0,34.0
main_full_field,full_field,High AD-like perturbation,1.0,107,2Hz,stimulated,60.0,0.02,0.5,14500.0,ac884c60d8359016,313.91128037997987,76.86620933564932,1.19467536525279,46,621510,parcel_psp_v1,main_parcel_traces/severity_1p0_seed_0107_2Hz.npz,1cf47d780ec9e0ea4e4a73d16bdd512852fb0216ed35442dd7866ed7222648b1,5120026.0,7250.0,34.0
main_full_field,full_field,High AD-like perturbation,1.0,107,5Hz,stimulated,60.0,0.02,0.5,14500.0,ac884c60d8359016,313.33028626901796,76.86620933564932,0.8895263670636915,46,621510,parcel_psp_v1,main_parcel_traces/severity_1p0_seed_0107_5Hz.npz,2827219622d0296b827a89a94c5c4ae9f845daec4db0ebc7633efe27c2290d66,5126733.0,7250.0,34.0
main_full_field,full_field,High AD-like perturbation,1.0,127,pulse,stimulated,60.0,0.02,0.5,6000.0,ac884c60d8359016,130.1335031960043,72.64974866874762,0.2984506003639815,47,621519,parcel_psp_v1,main_parcel_traces/severity_1p0_seed_0127_pulse.npz,7deaebfa74c43d238d94f4d1080de5f6bf9666e66f86ba2bf9e36a6020987aad,1924817.0,3000.0,34.0
main_full_field,full_field,High AD-like perturbation,1.0,127,2Hz,stimulated,60.0,0.02,0.5,14500.0,ac884c60d8359016,312.01712275098544,72.64974866874762,0.8227142691205209,47,621519,parcel_psp_v1,main_parcel_traces/severity_1p0_seed_0127_2Hz.npz,27872ea3f6f52413587a76c2af40e02a7b0c613d3b2be2b736ed90ea1e99d028,5125294.0,7250.0,34.0
main_full_field,full_field,High AD-like perturbation,1.0,127,5Hz,stimulated,60.0,0.02,0.5,14500.0,ac884c60d8359016,312.85714981902856,72.64974866874762,1.2839952858124235,47,621519,parcel_psp_v1,main_parcel_traces/severity_1p0_seed_0127_5Hz.npz,81f11d9de25de82f8e39c3af516ff6ff9e1e25b5d8d745a562be09ff54993f7c,5127997.0,7250.0,34.0
main_full_field,full_field,High AD-like perturbation,1.0,149,pulse,stimulated,60.0,0.02,0.5,6000.0,ac884c60d8359016,130.5673021459952,78.02176753865464,0.2982239474747672,48,621516,parcel_psp_v1,main_parcel_traces/severity_1p0_seed_0149_pulse.npz,74b802f4ab82886c166661965b68b1965c253f7e629575a868a1bdf4ab0f9c84,1924205.0,3000.0,34.0
main_full_field,full_field,High AD-like perturbation,1.0,149,2Hz,stimulated,60.0,0.02,0.5,14500.0,ac884c60d8359016,311.11398998100776,78.02176753865464,1.3443048131725792,48,621516,parcel_psp_v1,main_parcel_traces/severity_1p0_seed_0149_2Hz.npz,2786b437765a6452a576be3934bcada9d4510573ce20033211a22ebccf1455eb,5123571.0,7250.0,34.0
main_full_field,full_field,High AD-like perturbation,1.0,149,5Hz,stimulated,60.0,0.02,0.5,14500.0,ac884c60d8359016,311.6572059930186,78.02176753865464,3.358482766881096,48,621516,parcel_psp_v1,main_parcel_traces/severity_1p0_seed_0149_5Hz.npz,a90bd8c4289f2f79fb1bc4f7b64a00583d3912e8eaeba35093db007f15aabb9f,5133587.0,7250.0,34.0
main_full_field,full_field,High AD-like perturbation,1.0,173,pulse,stimulated,60.0,0.02,0.5,6000.0,ac884c60d8359016,129.0586949440185,78.30546023827782,0.29845547662444716,49,621529,parcel_psp_v1,main_parcel_traces/severity_1p0_seed_0173_pulse.npz,ef6c8d069243918368e2cccecb0ad2554e64c15f10b44cc9865942e81464acff,1924163.0,3000.0,34.0
main_full_field,full_field,High AD-like perturbation,1.0,173,2Hz,stimulated,60.0,0.02,0.5,14500.0,ac884c60d8359016,310.5325561600039,78.30546023827782,2.5766760258383865,49,621529,parcel_psp_v1,main_parcel_traces/severity_1p0_seed_0173_2Hz.npz,a7616c6f96f42c7077bb6b2084bd034bbb42d64c32a1badd68080efb26746506,5124611.0,7250.0,34.0
main_full_field,full_field,High AD-like perturbation,1.0,173,5Hz,stimulated,60.0,0.02,0.5,14500.0,ac884c60d8359016,311.4842547249864,78.30546023827782,1.2129566316069766,49,621529,parcel_psp_v1,main_parcel_traces/severity_1p0_seed_0173_5Hz.npz,1d7a8194cecd8bc16430f9c52713100a1536d192dc7a4c4155e49281c78f0620,5121196.0,7250.0,34.0
main_full_field,full_field,High AD-like perturbation,1.0,197,pulse,stimulated,60.0,0.02,0.5,6000.0,ac884c60d8359016,130.34867726801895,74.4033451304875,0.2982688158227802,50,621522,parcel_psp_v1,main_parcel_traces/severity_1p0_seed_0197_pulse.npz,1a9cb61a1d4327d5c5d95ece8f4202e26087638b9234eb0b09b84c31e8de5b78,1924440.0,3000.0,34.0
main_full_field,full_field,High AD-like perturbation,1.0,197,2Hz,stimulated,60.0,0.02,0.5,14500.0,ac884c60d8359016,310.95509614702314,74.4033451304875,0.648896338206983,50,621522,parcel_psp_v1,main_parcel_traces/severity_1p0_seed_0197_2Hz.npz,9d087e3bc7c6543d1c3679ce68bc18c530e9439fa07c6245b3ae72e3512595e5,5117537.0,7250.0,34.0
main_full_field,full_field,High AD-like perturbation,1.0,197,5Hz,stimulated,60.0,0.02,0.5,14500.0,ac884c60d8359016,311.6447440140182,74.4033451304875,0.5648583699410334,50,621522,parcel_psp_v1,main_parcel_traces/severity_1p0_seed_0197_5Hz.npz,0424a78f5c961faff193824c2510ba20f2d0651e36a765ca31aa6cde76c823ab,5124096.0,7250.0,34.0
main_full_field,full_field,High AD-like perturbation,1.0,223,pulse,stimulated,60.0,0.02,0.5,6000.0,ac884c60d8359016,134.3416692899773,75.555907175267,0.2980627922200352,51,620477,parcel_psp_v1,main_parcel_traces/severity_1p0_seed_0223_pulse.npz,3d6314acbfd81519e27867520ba5f84bcfff986db8ff5164ddb098463899db64,1924144.0,3000.0,34.0
main_full_field,full_field,High AD-like perturbation,1.0,223,2Hz,stimulated,60.0,0.02,0.5,14500.0,ac884c60d8359016,317.6356661929749,75.555907175267,2.2862298180639957,51,620477,parcel_psp_v1,main_parcel_traces/severity_1p0_seed_0223_2Hz.npz,23e0abac0159079a95fdfc21b1b525ba804f60c2f1fabe1139898aaa0b0f6536,5127702.0,7250.0,34.0
main_full_field,full_field,High AD-like perturbation,1.0,223,5Hz,stimulated,60.0,0.02,0.5,14500.0,ac884c60d8359016,310.74220078700455,75.555907175267,3.954806895891119,51,620477,parcel_psp_v1,main_parcel_traces/severity_1p0_seed_0223_5Hz.npz,bc809c3c81b6b7984f8f79ac2e2116e5de018b714f081042de8623d56decb559,5136963.0,7250.0,34.0
main_full_field,full_field,High AD-like perturbation,1.0,251,pulse,stimulated,60.0,0.02,0.5,6000.0,ac884c60d8359016,131.21574195299763,76.75220010282983,0.29829900332310366,52,621514,parcel_psp_v1,main_parcel_traces/severity_1p0_seed_0251_pulse.npz,60924dd434df0101b695972c325a467523a74b4f0469c85314aa5e4f52956488,1924967.0,3000.0,34.0
main_full_field,full_field,High AD-like perturbation,1.0,251,2Hz,stimulated,60.0,0.02,0.5,14500.0,ac884c60d8359016,313.52350094297435,76.75220010282983,0.3694478360598694,52,621514,parcel_psp_v1,main_parcel_traces/severity_1p0_seed_0251_2Hz.npz,a177e3354db150153d622d3a43611253b7b36e8d86019f4a76776bf7518fc852,5113717.0,7250.0,34.0
main_full_field,full_field,High AD-like perturbation,1.0,251,5Hz,stimulated,60.0,0.02,0.5,14500.0,ac884c60d8359016,314.55423933902057,76.75220010282983,0.6389604380341396,52,621514,parcel_psp_v1,main_parcel_traces/severity_1p0_seed_0251_5Hz.npz,a5a97f05a67687d90bba51a5c0387a00fcaa0275cafdd094bd3237220539cd11,5118379.0,7250.0,34.0
main_full_field,full_field,High AD-like perturbation,1.0,281,pulse,stimulated,60.0,0.02,0.5,6000.0,ac884c60d8359016,130.4882588830078,76.07643004898189,0.2985557357078896,53,621507,parcel_psp_v1,main_parcel_traces/severity_1p0_seed_0281_pulse.npz,43511659c06174a3555d025df6107860a8653b553ce5bdb2d021e296937c654b,1926224.0,3000.0,34.0
main_full_field,full_field,High AD-like perturbation,1.0,281,2Hz,stimulated,60.0,0.02,0.5,14500.0,ac884c60d8359016,312.37139000801835,76.07643004898189,0.44887736682768065,53,621507,parcel_psp_v1,main_parcel_traces/severity_1p0_seed_0281_2Hz.npz,8a8b76070b3e9d8e0080ee433349821fdc342712c17ccfcc052ee680cf495d9f,5119600.0,7250.0,34.0
main_full_field,full_field,High AD-like perturbation,1.0,281,5Hz,stimulated,60.0,0.02,0.5,14500.0,ac884c60d8359016,312.15223142900504,76.07643004898189,0.45765459179188994,53,621507,parcel_psp_v1,main_parcel_traces/severity_1p0_seed_0281_5Hz.npz,ca4362fe47bd88ae6a75da2c23a3fa8db0f6b3d14dc9227ff9085bff93b8ce55,5124047.0,7250.0,34.0
main_full_field,full_field,High AD-like perturbation,1.0,313,pulse,stimulated,60.0,0.02,0.5,6000.0,ac884c60d8359016,130.22602918802295,73.60332451519253,0.2982994751857646,54,621528,parcel_psp_v1,main_parcel_traces/severity_1p0_seed_0313_pulse.npz,7de190593a1bc695788dd58e847ccd72c708fce0ca0cbb1935f73baeb553a220,1923828.0,3000.0,34.0
main_full_field,full_field,High AD-like perturbation,1.0,313,2Hz,stimulated,60.0,0.02,0.5,14500.0,ac884c60d8359016,309.7982966150157,73.60332451519253,1.8874672317473848,54,621528,parcel_psp_v1,main_parcel_traces/severity_1p0_seed_0313_2Hz.npz,944cf3302f415a3f50445c98775522124518b74943b65b98f36a50a93f911622,5123182.0,7250.0,34.0
main_full_field,full_field,High AD-like perturbation,1.0,313,5Hz,stimulated,60.0,0.02,0.5,14500.0,ac884c60d8359016,310.5347849249956,73.60332451519253,1.7992174901015368,54,621528,parcel_psp_v1,main_parcel_traces/severity_1p0_seed_0313_5Hz.npz,3973fa75d4766fa45fbea0cd70ae505f3fc42521df55c42147215d2248a237f4,5126567.0,7250.0,34.0
main_full_field,full_field,High AD-like perturbation,1.0,347,pulse,stimulated,60.0,0.02,0.5,6000.0,ac884c60d8359016,131.5244976459653,78.95642563283754,0.2981247024470779,55,621518,parcel_psp_v1,main_parcel_traces/severity_1p0_seed_0347_pulse.npz,5029fae26de45c7fcbe18359d9f82fa7d3aa0ae2f02f3dbf55c2da0bcbf69e25,1924189.0,3000.0,34.0
main_full_field,full_field,High AD-like perturbation,1.0,347,2Hz,stimulated,60.0,0.02,0.5,14500.0,ac884c60d8359016,317.5107176330057,78.95642563283754,1.8453272055431924,55,621518,parcel_psp_v1,main_parcel_traces/severity_1p0_seed_0347_2Hz.npz,76973534abb62a60ae74a751412430e7f57233626ae32cab80c93bc7549498c1,5115369.0,7250.0,34.0
main_full_field,full_field,High AD-like perturbation,1.0,347,5Hz,stimulated,60.0,0.02,0.5,14500.0,ac884c60d8359016,315.099601682974,78.95642563283754,3.9148148404499246,55,621518,parcel_psp_v1,main_parcel_traces/severity_1p0_seed_0347_5Hz.npz,51ed84c881c235e962be74b5d005bcbe9438b4b3732e542a93fb5877141c5606,5124001.0,7250.0,34.0
main_full_field,full_field,High AD-like perturbation,1.0,383,pulse,stimulated,60.0,0.02,0.5,6000.0,ac884c60d8359016,131.48541654302971,75.70409994711396,0.29818887188417875,56,621525,parcel_psp_v1,main_parcel_traces/severity_1p0_seed_0383_pulse.npz,b1c73fa398944960cd5903c418b29f24065f1828563861312c6b66de6137b899,1924144.0,3000.0,34.0
main_full_field,full_field,High AD-like perturbation,1.0,383,2Hz,stimulated,60.0,0.02,0.5,14500.0,ac884c60d8359016,316.3267713190289,75.70409994711396,0.897564320266806,56,621525,parcel_psp_v1,main_parcel_traces/severity_1p0_seed_0383_2Hz.npz,796e6eb1efa7d15ea92b581e52d596bc756cd494dfc5a91914369679c6187983,5122594.0,7250.0,34.0
main_full_field,full_field,High AD-like perturbation,1.0,383,5Hz,stimulated,60.0,0.02,0.5,14500.0,ac884c60d8359016,314.4011128299753,75.70409994711396,1.3993454994434984,56,621525,parcel_psp_v1,main_parcel_traces/severity_1p0_seed_0383_5Hz.npz,77583da176b3e5edc5e4f17a6979bce02770b6176fcd8fa27d1b3d7b5f86ff58,5130204.0,7250.0,34.0
main_full_field,full_field,High AD-like perturbation,1.0,421,pulse,stimulated,60.0,0.02,0.5,6000.0,ac884c60d8359016,130.199203510012,77.01761386610858,0.29838908022390775,57,620475,parcel_psp_v1,main_parcel_traces/severity_1p0_seed_0421_pulse.npz,35682bb04c0b53fb8f3b9156f703807300b7cbdf931d7f30a65628f23e22d3d8,1923494.0,3000.0,34.0
main_full_field,full_field,High AD-like perturbation,1.0,421,2Hz,stimulated,60.0,0.02,0.5,14500.0,ac884c60d8359016,313.20472044101916,77.01761386610858,0.6192931453142823,57,620475,parcel_psp_v1,main_parcel_traces/severity_1p0_seed_0421_2Hz.npz,3bd537c4a5249d571be290ec2928e1b36c33300c0747a07f518b5a864a168862,5123798.0,7250.0,34.0
main_full_field,full_field,High AD-like perturbation,1.0,421,5Hz,stimulated,60.0,0.02,0.5,14500.0,ac884c60d8359016,312.77647765300935,77.01761386610858,0.6478877006252297,57,620475,parcel_psp_v1,main_parcel_traces/severity_1p0_seed_0421_5Hz.npz,1236140e3d82eb6574fe8a58c3f7eaa5e02558f73e7ab365e332306c88ae18ff,5128423.0,7250.0,34.0
main_full_field,full_field,High AD-like perturbation,1.0,461,pulse,stimulated,60.0,0.02,0.5,6000.0,ac884c60d8359016,129.3258750269888,73.49227433567864,0.2984989249769878,58,621513,parcel_psp_v1,main_parcel_traces/severity_1p0_seed_0461_pulse.npz,ea7cdb2f32265ff4be4cff8ce891f6e9ea5b26cf8710761ba71a18ec88b1a99a,1923964.0,3000.0,34.0
main_full_field,full_field,High AD-like perturbation,1.0,461,2Hz,stimulated,60.0,0.02,0.5,14500.0,ac884c60d8359016,311.98777620098554,73.49227433567864,2.2008641673797253,58,621513,parcel_psp_v1,main_parcel_traces/severity_1p0_seed_0461_2Hz.npz,5bd13f7fbf00a8315b8f85cdc0a9e1c5404658f1d6794f82bfb1800691a751a2,5121014.0,7250.0,34.0
main_full_field,full_field,High AD-like perturbation,1.0,461,5Hz,stimulated,60.0,0.02,0.5,14500.0,ac884c60d8359016,311.24723242002074,73.49227433567864,2.0187316521144805,58,621513,parcel_psp_v1,main_parcel_traces/severity_1p0_seed_0461_5Hz.npz,a4830db093419be5c0d8fdbabcda279c91a56a20315da1c05d7fe53a449e27f7,5121516.0,7250.0,34.0
main_full_field,full_field,High AD-like perturbation,1.0,503,pulse,stimulated,60.0,0.02,0.5,6000.0,ac884c60d8359016,130.81448955996893,77.34384952666566,0.2983875286107551,59,621517,parcel_psp_v1,main_parcel_traces/severity_1p0_seed_0503_pulse.npz,04f6061afd8afcb7de28f452191d43f6a0005e4b3891ee8eb16b081c023286d3,1925432.0,3000.0,34.0
main_full_field,full_field,High AD-like perturbation,1.0,503,2Hz,stimulated,60.0,0.02,0.5,14500.0,ac884c60d8359016,314.93979993695393,77.34384952666566,0.5512407425765389,59,621517,parcel_psp_v1,main_parcel_traces/severity_1p0_seed_0503_2Hz.npz,7c83c90121ce438bc92464d43849d6cfc329f23abfd2936c0f8d71012fa1c79c,5114206.0,7250.0,34.0
main_full_field,full_field,High AD-like perturbation,1.0,503,5Hz,stimulated,60.0,0.02,0.5,14500.0,ac884c60d8359016,314.1669906519819,77.34384952666566,0.5918844056519141,59,621517,parcel_psp_v1,main_parcel_traces/severity_1p0_seed_0503_5Hz.npz,5aa00b8313a20be9bf9d94b9f8b1e2f3e17a5ba5935785c42d55d17e5beaa1fd,5119699.0,7250.0,34.0
