seed,outcome,probe,observed_interaction,null_median,null_5th_percentile,null_95th_percentile,observed_empirical_percentile,outside_central_90_percent,matched_sets
11,transfer_gain,2Hz,2.94884082509636,1.3929487219928003,0.10941557999610915,2.575947998536978,98.60279441117764,True,500
23,transfer_gain,2Hz,2.435041254263779,1.2700099110408143,-0.001445688604408447,2.4363019904026277,95.00998003992017,False,500
37,transfer_gain,2Hz,1.8030696746947648,1.3255079453345773,-0.001860590995840367,2.522225054219708,72.85429141716567,False,500
53,transfer_gain,2Hz,1.937278766558732,1.3229429961222552,0.01875144781999636,2.4759128176436596,79.24151696606786,False,500
71,transfer_gain,2Hz,1.52680646345069,1.2328841831290749,-0.0851772189225544,2.6133295428825924,63.27345309381238,False,500
89,transfer_gain,2Hz,2.571956478688775,1.3699154518984864,0.16548696698513155,2.519176718143534,95.60878243512974,True,500
107,transfer_gain,2Hz,2.338568715357294,1.335088723934537,0.18931373472930915,2.4499992780210755,93.01397205588822,False,500
127,transfer_gain,2Hz,1.8973230532045626,1.2323661885977488,-0.17257379526450145,2.633080017397261,78.44311377245509,False,500
149,transfer_gain,2Hz,2.041992763361308,1.361434982287915,-0.01668126694051034,2.810878111151585,78.0439121756487,False,500
173,transfer_gain,2Hz,2.259044940116512,1.41943493363897,0.055548526152425164,3.1208729718469077,80.63872255489022,False,500
197,transfer_gain,2Hz,2.475793614177256,1.3420465067103775,0.1761629364616945,2.392493007192749,96.20758483033931,True,500
223,transfer_gain,2Hz,1.4550711181285703,1.226695657100736,0.004754924699183166,2.555447751769864,60.678642714570856,False,500
251,transfer_gain,2Hz,2.5944285964958445,1.3848748446441617,0.09767612489240535,2.4855023836645165,96.00798403193613,True,500
281,transfer_gain,2Hz,2.6848906413438476,1.3427386528993184,0.13743239354458503,2.4881143258268454,98.00399201596807,True,500
313,transfer_gain,2Hz,1.983575874762912,1.2960831543347568,-0.2014713066112939,2.7263725215814913,80.83832335329342,False,500
347,transfer_gain,2Hz,2.6981819049251046,1.4940695657404266,0.22563011385207085,2.9653022054602416,90.6187624750499,False,500
383,transfer_gain,2Hz,2.0896024931585373,1.3233265400638023,-0.059570511806679896,2.6731207598773965,82.03592814371258,False,500
421,transfer_gain,2Hz,1.7551890752135417,1.2242376236282713,-0.06036457515281534,2.401515312638033,76.44710578842316,False,500
461,transfer_gain,2Hz,2.1958686015702558,1.3909968914428354,0.05532449901777957,2.9623410405380306,80.63872255489022,False,500
503,transfer_gain,2Hz,2.9709286357418643,1.3350917930265882,0.12627542492813745,2.5341630548825984,98.40319361277444,True,500
11,transfer_gain,5Hz,2.878866566149835,1.3795751226297082,0.0593469221006971,2.6140215934726947,98.20359281437126,True,500
23,transfer_gain,5Hz,2.9400606822454574,1.3011561459739562,0.05335001763575926,2.5376541478358794,98.60279441117764,True,500
37,transfer_gain,5Hz,1.3527085740946267,1.2499880688475242,-0.12243543774904342,2.457271273996717,55.28942115768463,False,500
53,transfer_gain,5Hz,2.0235241041256167,1.265791327777377,-0.0179687250489525,2.5995495609673824,80.23952095808383,False,500
71,transfer_gain,5Hz,2.52847106329901,1.3949878574646712,0.02065925937582366,2.7027199613208346,93.01397205588822,False,500
89,transfer_gain,5Hz,2.526235829272056,1.3714112182828138,0.16672910085905693,2.6112048800096717,92.81437125748504,False,500
107,transfer_gain,5Hz,2.36447078164832,1.3013642082241592,0.04132683519477128,2.5649744737945053,91.61676646706587,False,500
127,transfer_gain,5Hz,1.7685253195122526,1.2708319484693416,-0.12993132059356294,2.6518616146164846,71.6566866267465,False,500
149,transfer_gain,5Hz,2.196601444448415,1.3067159706460632,-0.06340680332047711,3.047737508649475,81.0379241516966,False,500
173,transfer_gain,5Hz,2.657075255531466,1.4086624232925464,0.067279851256484,2.807234994578007,91.21756487025948,False,500
197,transfer_gain,5Hz,2.2218282257058526,1.2622802968818605,0.0812814772976206,2.305231462144473,92.41516966067864,False,500
223,transfer_gain,5Hz,0.946098886619966,1.1467122762268644,-0.1484260411076647,2.622103599182142,42.115768463073856,False,500
251,transfer_gain,5Hz,2.2005019839335374,1.3132317927646975,-0.06295351032988425,2.5725206241387872,88.82235528942115,False,500
281,transfer_gain,5Hz,2.4784090868455833,1.3034829853957102,0.17007571822850495,2.415013544471004,96.6067864271457,True,500
313,transfer_gain,5Hz,2.275469842528322,1.3044955236314637,-0.17067089927517365,2.705534186615949,88.62275449101796,False,500
347,transfer_gain,5Hz,2.277286017398999,1.3995810210521875,0.3122199140172971,3.096022138434137,82.23552894211576,False,500
383,transfer_gain,5Hz,1.774359932326683,1.2821983778148556,-0.13733149053051943,2.8007737593151196,70.05988023952096,False,500
421,transfer_gain,5Hz,1.180418543952146,1.1372126191497554,-0.1186126742525011,2.3058716585491217,52.29540918163673,False,500
461,transfer_gain,5Hz,2.24609719855916,1.392471768046787,0.09886470756393992,2.969657315691762,82.83433133732535,False,500
503,transfer_gain,5Hz,2.611831555706262,1.3025782953512492,0.08290095723775873,2.540094000023225,96.40718562874251,True,500
11,functional_connectivity,2Hz,0.06633255384170189,0.07209857718638912,0.022588558032626094,0.1266692062690061,44.71057884231537,False,500
23,functional_connectivity,2Hz,0.06236696987898771,0.06468257167531544,0.023773926296806525,0.11360623906115543,45.70858283433134,False,500
37,functional_connectivity,2Hz,0.06252056726625632,0.06343227474651836,0.02272219567702365,0.11147034730202418,48.30339321357285,False,500
53,functional_connectivity,2Hz,0.06916320392014086,0.06922909399075272,0.026316166211264758,0.11989448138733479,49.9001996007984,False,500
71,functional_connectivity,2Hz,0.06091384978192593,0.06144611113635956,0.023378560297694872,0.10620202219270125,49.30139720558882,False,500
89,functional_connectivity,2Hz,0.06697703445356673,0.07310298326870246,0.024208947075604705,0.1275790618741223,44.31137724550898,False,500
107,functional_connectivity,2Hz,0.06513219917044388,0.06494094141842521,0.024619690963415965,0.11338798618252512,50.29940119760479,False,500
127,functional_connectivity,2Hz,0.05199475054318459,0.05594973886583965,0.017314201376052864,0.10207870252676131,43.712574850299404,False,500
149,functional_connectivity,2Hz,0.06484559107256116,0.06705515424087594,0.0240534362831506,0.1157498799287948,47.50499001996008,False,500
173,functional_connectivity,2Hz,0.07253766563768371,0.06362752680211536,0.023859408075854117,0.1101085979274434,63.87225548902195,False,500
197,functional_connectivity,2Hz,0.06382168822095169,0.06477883911467197,0.02402545066163466,0.11403153460963729,47.30538922155689,False,500
223,functional_connectivity,2Hz,0.037864434864593566,0.0456044380147993,0.007658294381304609,0.09170458856199921,36.92614770459082,False,500
251,functional_connectivity,2Hz,0.06436350127994928,0.06739061737568708,0.025048187214456008,0.11906405195885231,45.10978043912176,False,500
281,functional_connectivity,2Hz,0.06887063205509492,0.07101200657005347,0.025469012971762496,0.12522544020269386,47.90419161676647,False,500
313,functional_connectivity,2Hz,0.069287149180421,0.06317323774884653,0.026530122826954595,0.10763529365339156,59.880239520958085,False,500
347,functional_connectivity,2Hz,0.0715441565954178,0.06824599632551731,0.022464119873328504,0.11825824096712184,54.091816367265466,False,500
383,functional_connectivity,2Hz,0.06607419810692194,0.06531646413220193,0.024730607472579182,0.11338136223924417,51.49700598802395,False,500
421,functional_connectivity,2Hz,0.05293863854749947,0.05661158149426715,0.018743256565743473,0.10283629691774308,44.510978043912175,False,500
461,functional_connectivity,2Hz,0.07589809074279152,0.06707585657515658,0.024651732802532612,0.11562580048333246,62.4750499001996,False,500
503,functional_connectivity,2Hz,0.06588308811998012,0.0712320311453889,0.025216274714607526,0.1250391480945251,43.51297405189621,False,500
11,functional_connectivity,5Hz,0.06364267738804252,0.05887053655548047,0.016906796396707082,0.09752617700224203,58.88223552894212,False,500
23,functional_connectivity,5Hz,0.06253310037630633,0.06167351451656533,0.021303317593582772,0.10550110073755868,50.49900199600798,False,500
37,functional_connectivity,5Hz,0.06190370639866094,0.059914609285908194,0.0193476359444961,0.10286896543807968,52.49500998003992,False,500
53,functional_connectivity,5Hz,0.07436420605025762,0.0782145975396411,0.03234929244595995,0.13163260971753338,44.11177644710579,False,500
71,functional_connectivity,5Hz,0.06540988270397086,0.0751846168943987,0.030063072044842886,0.12256456051498404,35.728542914171655,False,500
89,functional_connectivity,5Hz,0.07940678015001024,0.06354032217847216,0.020938251682644852,0.10801485624549086,70.65868263473054,False,500
107,functional_connectivity,5Hz,0.08851297506720157,0.07744144351001725,0.032340635699841705,0.12806405244055896,63.07385229540918,False,500
127,functional_connectivity,5Hz,0.05944146540630846,0.05615034559633192,0.01699177035088767,0.10095595081714649,55.08982035928144,False,500
149,functional_connectivity,5Hz,0.0958176358551206,0.07058644989222806,0.02195222872096654,0.11620094699618122,84.03193612774452,False,500
173,functional_connectivity,5Hz,0.07821033129538169,0.06243894301937003,0.014042216884811127,0.10421772341729273,71.05788423153693,False,500
197,functional_connectivity,5Hz,0.06012394686592093,0.05883394345645454,0.013745880338132455,0.09819461817344283,51.29740518962076,False,500
223,functional_connectivity,5Hz,0.01703268467011898,0.036431171483257474,-0.009349273702311822,0.093079094577811,23.552894211576845,False,500
251,functional_connectivity,5Hz,0.06860586972302851,0.05911342291806376,0.016270376237100193,0.10059481138693757,65.46906187624751,False,500
281,functional_connectivity,5Hz,0.0678852851413525,0.06916482809599822,0.02735059442650301,0.11446353810364705,48.30339321357285,False,500
313,functional_connectivity,5Hz,0.07816920037167185,0.06716667518234787,0.02201870721607402,0.11432335676719423,64.47105788423154,False,500
347,functional_connectivity,5Hz,0.0797073953122378,0.07810836723423342,0.03325105824293655,0.12760886988498132,53.293413173652695,False,500
383,functional_connectivity,5Hz,0.07183256291893558,0.06530256581204485,0.02076264363982735,0.10929413340226476,61.477045908183634,False,500
421,functional_connectivity,5Hz,0.07424241112944774,0.06550305603180528,0.018891515543827887,0.11424589077642905,63.07385229540918,False,500
461,functional_connectivity,5Hz,0.06680327328992774,0.07250336466501262,0.021856228269390335,0.13111529461946791,43.31337325349301,False,500
503,functional_connectivity,5Hz,0.06252975255582749,0.05641119376009163,0.011650273256619494,0.09974907770989716,58.28343313373254,False,500
11,response_latency,pulse,227.5,445.75,-32.274999999999984,964.7749999999993,27.744510978043913,False,500
23,response_latency,pulse,312.0,483.25,-36.54999999999997,962.9499999999996,32.33532934131737,False,500
37,response_latency,pulse,336.5,455.25,-5.399999999999977,916.2999999999997,34.73053892215569,False,500
53,response_latency,pulse,536.0,397.5,-66.0,942.2999999999997,66.66666666666667,False,500
71,response_latency,pulse,437.5,460.0,-17.525,953.5249999999995,46.706586826347305,False,500
89,response_latency,pulse,281.5,480.75,-42.69999999999999,991.599999999999,30.339321357285428,False,500
107,response_latency,pulse,429.0,442.75,-43.87499999999998,929.7499999999998,48.50299401197605,False,500
127,response_latency,pulse,320.5,442.25,-13.67499999999999,981.7499999999998,37.724550898203596,False,500
149,response_latency,pulse,455.0,490.5,-21.025,1050.525,46.50698602794411,False,500
173,response_latency,pulse,533.5,488.5,-28.724999999999987,1005.025,56.08782435129741,False,500
197,response_latency,pulse,283.0,486.5,-10.5,989.6999999999998,27.54491017964072,False,500
223,response_latency,pulse,472.5,427.5,-40.525,963.2999999999997,57.08582834331337,False,500
251,response_latency,pulse,267.0,425.75,-42.62499999999999,957.025,30.339321357285428,False,500
281,response_latency,pulse,298.0,433.5,-39.22499999999996,882.1249999999999,34.73053892215569,False,500
313,response_latency,pulse,375.0,432.75,-39.574999999999996,982.7749999999997,42.315369261477045,False,500
347,response_latency,pulse,238.0,405.75,-14.124999999999964,950.6749999999998,30.339321357285428,False,500
383,response_latency,pulse,216.0,419.25,-33.074999999999996,964.4499999999996,26.347305389221557,False,500
421,response_latency,pulse,489.0,413.25,-61.274999999999984,931.5999999999999,61.07784431137725,False,500
461,response_latency,pulse,369.0,468.0,-46.025,951.0749999999999,39.920159680638726,False,500
503,response_latency,pulse,393.0,465.0,-9.724999999999959,1002.2999999999997,39.321357285429144,False,500
