condition,severity,seed,probe,network,target_response_coverage,transfer_split_abs_log2,transfer_nonstationary_flag,transfer_log2_slope_per_s,locked_transfer_segment_median,median_target_snr_db,median_target_phase_consistency,target_frequency_qa_valid_fraction,evoked_fc_split_abs_z
Baseline,0.0,11,2Hz,episodic_expanded,1.0,0.0003048914659249467,False,-8.04426536266334e-05,0.0005528512578498327,31.58269083285247,0.9999996550029906,1.0,0.003143060990934643
Baseline,0.0,11,2Hz,semantic_expanded,1.0,0.0009038994020175013,False,-0.00023226520471650858,0.00027962698420695654,31.59531272439018,0.9999985214881282,1.0,0.013629165312071478
Baseline,0.0,23,2Hz,episodic_expanded,1.0,0.00030360463378987997,False,-8.01730742224116e-05,0.0005528512578492419,31.582729805994788,0.9999996563751745,1.0,0.003123973458306395
Baseline,0.0,23,2Hz,semantic_expanded,1.0,0.0009001447380844708,False,-0.00023130072439849771,0.0002796269842072993,31.595261895011596,0.9999985185951904,1.0,0.013534080785436498
Baseline,0.0,37,2Hz,episodic_expanded,1.0,0.000305137604505059,False,-8.050154418794976e-05,0.0005528512578500497,31.582697337447637,0.999999653274326,1.0,0.003137087086042989
Baseline,0.0,37,2Hz,semantic_expanded,1.0,0.0009042606389010478,False,-0.00023232249143507745,0.0002796269842072993,31.595345096846117,0.9999985077779416,1.0,0.013614621580311681
Baseline,0.0,53,2Hz,episodic_expanded,1.0,0.0003065722106108434,False,-8.100641830504074e-05,0.0005528512578495611,31.582855992685083,0.9999996442814829,1.0,0.003186899543561772
Baseline,0.0,53,2Hz,semantic_expanded,1.0,0.0009103858676469613,False,-0.00023412416945385318,0.0002796269842070028,31.59533282069122,0.9999984941233986,1.0,0.01376803224418488
Baseline,0.0,71,2Hz,episodic_expanded,1.0,0.00030707475282330376,False,-8.099422103704513e-05,0.0005528512578497383,31.58272935131137,0.9999996528408076,1.0,0.0031562566819687277
Baseline,0.0,71,2Hz,semantic_expanded,1.0,0.0009086010595109178,False,-0.00023346624894351466,0.0002796269842072993,31.595279630931966,0.9999985031846607,1.0,0.013684804424989316
Baseline,0.0,89,2Hz,episodic_expanded,1.0,0.00030492053151668416,False,-8.060060965826566e-05,0.0005528512578499519,31.582720813986306,0.9999996489887041,1.0,0.003159388381926753
Baseline,0.0,89,2Hz,semantic_expanded,1.0,0.0009053837502742919,False,-0.0002328135481890037,0.0002796269842072715,31.59529907141339,0.9999985205555584,1.0,0.013685107633516047
Baseline,0.0,107,2Hz,episodic_expanded,1.0,0.0003050475427567955,False,-8.087434394612459e-05,0.0005528512578499098,31.58286941723994,0.9999996464132986,1.0,0.0032073117659234818
Baseline,0.0,107,2Hz,semantic_expanded,1.0,0.0009108683734770105,False,-0.0002345772405135449,0.0002796269842072715,31.59538655384365,0.9999984877396915,1.0,0.013854773034223111
Baseline,0.0,127,2Hz,episodic_expanded,1.0,0.0003049162490956391,False,-8.051865428964078e-05,0.000552851257849758,31.582708431005027,0.9999996537913554,1.0,0.0031517652207639912
Baseline,0.0,127,2Hz,semantic_expanded,1.0,0.0009029485082137982,False,-0.00023215259232589602,0.0002796269842072993,31.595182383523287,0.9999985226266276,1.0,0.013628977028858014
Baseline,0.0,149,2Hz,episodic_expanded,1.0,0.0003045919451841955,False,-8.035194336608598e-05,0.0005528512578493288,31.582660458492924,0.9999996546179614,1.0,0.0031320743896752212
Baseline,0.0,149,2Hz,semantic_expanded,1.0,0.0009027595812332023,False,-0.00023193167854111964,0.0002796269842072715,31.595297599005235,0.999998512475737,1.0,0.013598424275296672
Baseline,0.0,173,2Hz,episodic_expanded,1.0,0.00030483655410112263,False,-8.06233792197908e-05,0.0005528512578497197,31.582703771631056,0.9999996561076093,1.0,0.00314869278985741
Baseline,0.0,173,2Hz,semantic_expanded,1.0,0.0009054330235662587,False,-0.00023287303078340927,0.0002796269842072715,31.595321440276845,0.9999985114172565,1.0,0.0136616337630322
Baseline,0.0,197,2Hz,episodic_expanded,1.0,0.0003063998539983641,False,-8.138664674914864e-05,0.0005528512578498238,31.582859843731427,0.999999643688469,1.0,0.003190339223017702
Baseline,0.0,197,2Hz,semantic_expanded,1.0,0.0009130118280284503,False,-0.00023533191882947336,0.0002796269842072715,31.595418479392563,0.9999985052430419,1.0,0.013830167306412733
Baseline,0.0,223,2Hz,episodic_expanded,1.0,0.00030423375333827484,False,-8.044217299065793e-05,0.0005528512578501488,31.58290124300315,0.9999996455845128,1.0,0.003180636627227784
Baseline,0.0,223,2Hz,semantic_expanded,1.0,0.0009060189416422613,False,-0.00023306347806171246,0.0002796269842070028,31.595263810961136,0.9999985047952953,1.0,0.013751216339687122
Baseline,0.0,251,2Hz,episodic_expanded,1.0,0.0003049178972724999,False,-8.050969913764305e-05,0.0005528512717532422,31.582677553645837,0.9999996543843885,1.0,0.003144346462529146
Baseline,0.0,251,2Hz,semantic_expanded,1.0,0.0009045408424171479,False,-0.00023250177338338674,0.00027962698241330245,31.595201552902576,0.9999985134191257,1.0,0.01364818983339866
Baseline,0.0,281,2Hz,episodic_expanded,1.0,0.0003052828333624703,False,-8.057656044879735e-05,0.000552851257849539,31.582586334276293,0.9999996503972606,1.0,0.0031409288956276704
Baseline,0.0,281,2Hz,semantic_expanded,1.0,0.0009041177905890319,False,-0.00023235912169665697,0.0002796269842072993,31.594967775922647,0.999998509934789,1.0,0.013607972211792774
Baseline,0.0,313,2Hz,episodic_expanded,1.0,0.00030441518048488284,False,-8.018503939855037e-05,0.000552851271753142,31.58275979553356,0.9999996554697571,1.0,0.0031246861576450513
Baseline,0.0,313,2Hz,semantic_expanded,1.0,0.0009015885700075266,False,-0.00023148434762569893,0.00027962698241330245,31.595399240217596,0.9999985172837977,1.0,0.01354417056677315
Baseline,0.0,347,2Hz,episodic_expanded,1.0,0.0003044120343985871,False,-8.0135239465573e-05,0.0005528512578497541,31.58275545481287,0.9999996604992085,1.0,0.0031293105473615412
Baseline,0.0,347,2Hz,semantic_expanded,1.0,0.0009002395669178999,False,-0.0002310298370424846,0.000279626984207271,31.595624432966286,0.9999985174969103,1.0,0.01351864906090583
Baseline,0.0,383,2Hz,episodic_expanded,1.0,0.0003023654684017225,False,-7.982703855873297e-05,0.0005528512578492415,31.582679895089903,0.999999664609736,1.0,0.003104172267906602
Baseline,0.0,383,2Hz,semantic_expanded,1.0,0.0008943665137666104,False,-0.000229733108178376,0.0002796269842072988,31.595390828455375,0.9999985254061847,1.0,0.013421971049341508
Baseline,0.0,421,2Hz,episodic_expanded,1.0,0.00030530057908708557,False,-8.076407908168548e-05,0.0005528512578495572,31.58276895425776,0.9999996540737859,1.0,0.0031610139012250293
Baseline,0.0,421,2Hz,semantic_expanded,1.0,0.0009057195293780487,False,-0.00023299499216413724,0.0002796269842072715,31.595289727444268,0.9999985149176588,1.0,0.013675951537982733
Baseline,0.0,461,2Hz,episodic_expanded,1.0,0.00030360702910600635,False,-8.00792914109394e-05,0.0005528512717533512,31.582688750163012,0.999999654440684,1.0,0.0031267846178564263
Baseline,0.0,461,2Hz,semantic_expanded,1.0,0.0008999961730090339,False,-0.0002312589492650119,0.00027962698241334414,31.59517798822888,0.9999985241834576,1.0,0.01355449229652228
Baseline,0.0,503,2Hz,episodic_expanded,1.0,0.0003051459615898992,False,-8.053340725222569e-05,0.0005528512578493102,31.582649200597416,0.9999996557989871,1.0,0.003139711040170745
Baseline,0.0,503,2Hz,semantic_expanded,1.0,0.0009045604066193278,False,-0.00023247356168747403,0.0002796269842072993,31.595241492829725,0.9999985107685825,1.0,0.013635007553949308
Intermediate AD-like perturbation,0.5,11,2Hz,episodic_expanded,1.0,1.0492933968805715,True,0.2837369204904156,0.011170030530265454,-4.182082972174625,0.23199042698115768,0.0,0.07674655484037779
Intermediate AD-like perturbation,0.5,11,2Hz,semantic_expanded,1.0,1.2199496402122088,True,0.38410950657129983,0.019543122035615465,-3.4326111666257564,0.2195875200573051,0.0,0.07257127616012207
Intermediate AD-like perturbation,0.5,23,2Hz,episodic_expanded,1.0,1.2026637764493924,True,0.5086635814717427,0.0035602641972408283,-3.429727079140999,0.2536133649422572,0.05263157894736842,0.026194087144801204
Intermediate AD-like perturbation,0.5,23,2Hz,semantic_expanded,1.0,1.3342659525190887,True,0.5850582365991635,0.003645694274184351,-5.0406080402784585,0.1687506965920102,0.07692307692307693,0.025553058973874637
Intermediate AD-like perturbation,0.5,37,2Hz,episodic_expanded,1.0,0.9494714703150609,False,0.19325722365784292,0.0009935479587443602,11.697404463508029,0.3353710798108825,0.8947368421052632,5.371060013886764e-06
Intermediate AD-like perturbation,0.5,37,2Hz,semantic_expanded,1.0,0.5194313212531774,False,0.08888424526615357,0.0005788737517420679,7.048885326126921,0.19861042252006267,0.46153846153846156,0.023497505335274973
Intermediate AD-like perturbation,0.5,53,2Hz,episodic_expanded,1.0,4.5361770076392345,True,0.7480610356115097,0.0009955790487300978,1.3050412399396878,0.3031359032544901,0.7368421052631579,0.04336023855997958
Intermediate AD-like perturbation,0.5,53,2Hz,semantic_expanded,1.0,5.181972129768099,True,0.8438118882606567,0.0007675960526669697,0.54087804074424,0.2171480571803201,0.46153846153846156,0.07612417797876952
Intermediate AD-like perturbation,0.5,71,2Hz,episodic_expanded,1.0,0.6734288900102655,False,0.2870934460921947,0.006863328287517649,-1.6630120726300415,0.12145003899281258,0.05263157894736842,0.02505000867599863
Intermediate AD-like perturbation,0.5,71,2Hz,semantic_expanded,1.0,0.7859778268926985,False,0.4279195459870999,0.01536494925321968,-2.3794972507136865,0.08764266369439913,0.07692307692307693,0.027971033913272107
Intermediate AD-like perturbation,0.5,89,2Hz,episodic_expanded,1.0,3.8699902633992376,True,0.6994308487281243,0.004303455950341851,-0.8455098316475146,0.3569355706129175,0.3157894736842105,0.07595642362242884
Intermediate AD-like perturbation,0.5,89,2Hz,semantic_expanded,1.0,4.0676202194404425,True,0.7810790043707196,0.005114870525350727,-1.2504156356764633,0.18770616640372445,0.23076923076923078,0.1040310081655633
Intermediate AD-like perturbation,0.5,107,2Hz,episodic_expanded,1.0,2.4203239602495454,True,0.4975158912845184,0.0012415084912550383,-1.0863933631023353,0.17568172601440687,0.21052631578947367,0.06304873668376812
Intermediate AD-like perturbation,0.5,107,2Hz,semantic_expanded,1.0,1.9916819690696688,True,0.46460393852674076,0.001345589114502406,-1.5478191607893856,0.13337636638065864,0.07692307692307693,0.032186177569869225
Intermediate AD-like perturbation,0.5,127,2Hz,episodic_expanded,1.0,2.6337103968337434,True,0.43744577948994134,0.0017660492867734344,-0.37510454445021246,0.35426387827216005,0.3157894736842105,0.1254917531630194
Intermediate AD-like perturbation,0.5,127,2Hz,semantic_expanded,1.0,2.677492776183955,True,0.4845675016478366,0.0015444296364877652,-2.333632208531439,0.14398837831190422,0.07692307692307693,0.06673482893594766
Intermediate AD-like perturbation,0.5,149,2Hz,episodic_expanded,1.0,1.926198422044701,True,0.4475378037411976,0.0015351832044308176,0.7186222540820653,0.17691384467382928,0.47368421052631576,0.17660992176148851
Intermediate AD-like perturbation,0.5,149,2Hz,semantic_expanded,1.0,1.9466278798388938,True,0.5726197604423933,0.0034952528929424772,-0.9401553129951425,0.10380011207890888,0.15384615384615385,0.14985371396480082
Intermediate AD-like perturbation,0.5,173,2Hz,episodic_expanded,1.0,1.0780662371930476,True,0.3342420845696261,0.007201171417927273,-7.7246698997053995,0.22985874836062953,0.0,0.15429188523951415
Intermediate AD-like perturbation,0.5,173,2Hz,semantic_expanded,1.0,1.3504335399891807,True,0.4185408191301962,0.014955767133446951,-6.304645496486251,0.08726730488799372,0.0,0.16181424171188938
Intermediate AD-like perturbation,0.5,197,2Hz,episodic_expanded,1.0,1.5808933023225278,True,0.6382886032444284,0.008134000624100976,-1.2819859561981175,0.17092887298527923,0.05263157894736842,0.20553727933940433
Intermediate AD-like perturbation,0.5,197,2Hz,semantic_expanded,1.0,1.6239227833843928,True,0.7136772273156278,0.016327445350047945,-1.9221757703701325,0.13022122283687312,0.0,0.17269764337455906
Intermediate AD-like perturbation,0.5,223,2Hz,episodic_expanded,1.0,0.9010766078995315,False,0.46860502218314215,0.008074147064090516,-3.428258557372935,0.11548171088396592,0.05263157894736842,0.22265190245536223
Intermediate AD-like perturbation,0.5,223,2Hz,semantic_expanded,1.0,0.9595178892662536,False,0.5380793304765928,0.011991413322039979,-2.1355079521286306,0.09745475544878468,0.0,0.1776370291166466
Intermediate AD-like perturbation,0.5,251,2Hz,episodic_expanded,1.0,2.922846517592379,True,0.46192437631855193,0.001648461431083588,-0.70738337210543,0.2594068773053129,0.2631578947368421,0.10900644486414934
Intermediate AD-like perturbation,0.5,251,2Hz,semantic_expanded,1.0,3.443178984388541,True,0.5260116196901504,0.001005428586938705,0.5639243127653533,0.11531885090333469,0.07692307692307693,0.06223045183103307
Intermediate AD-like perturbation,0.5,281,2Hz,episodic_expanded,1.0,4.231847819329832,True,0.7159501802029894,0.0016439322456124712,-1.570054481358839,0.337839112003575,0.10526315789473684,0.16928295114758596
Intermediate AD-like perturbation,0.5,281,2Hz,semantic_expanded,1.0,4.7195886677958026,True,0.8596103396503736,0.0019154936844743827,-1.1251597165395746,0.15775927937926948,0.0,0.17279190696868635
Intermediate AD-like perturbation,0.5,313,2Hz,episodic_expanded,1.0,2.4732488819424696,True,0.7379058984144784,0.007016764523049183,-2.0689635571957092,0.24570772158919835,0.0,0.3281387627883795
Intermediate AD-like perturbation,0.5,313,2Hz,semantic_expanded,1.0,3.0909407993275506,True,0.8514737845098254,0.011574673456792356,-1.8755066423364104,0.1729110476006952,0.0,0.2689507666714881
Intermediate AD-like perturbation,0.5,347,2Hz,episodic_expanded,1.0,2.559309210412656,True,0.4299971617728865,0.0010509386538999224,-1.040627363733855,0.32977847825200884,0.3157894736842105,0.08714569997285189
Intermediate AD-like perturbation,0.5,347,2Hz,semantic_expanded,1.0,2.479222173211304,True,0.4458067561234151,0.0007147149587003117,-1.7891979037718255,0.20641402280196525,0.15384615384615385,0.04279881865126488
Intermediate AD-like perturbation,0.5,383,2Hz,episodic_expanded,1.0,1.685124899852974,True,0.6659333807426215,0.005190832400929828,-5.07388563425333,0.33352741617601234,0.05263157894736842,0.038907422318377155
Intermediate AD-like perturbation,0.5,383,2Hz,semantic_expanded,1.0,1.8535991756938708,True,0.7544866868688784,0.006449676295564612,-6.718397399538835,0.19448263763749768,0.0,0.026211312282014648
Intermediate AD-like perturbation,0.5,421,2Hz,episodic_expanded,1.0,3.03393934293321,True,0.5013200354008504,0.0011746028857302377,2.6399129595126833,0.42047971911607207,0.8421052631578947,0.14882268569868906
Intermediate AD-like perturbation,0.5,421,2Hz,semantic_expanded,1.0,3.364394361682354,True,0.5307312894551668,0.0006698889974149088,1.227109685841976,0.18203703784571665,0.23076923076923078,0.04903762716782026
Intermediate AD-like perturbation,0.5,461,2Hz,episodic_expanded,1.0,1.759879796061588,True,0.2663614535471173,0.0029326638478396495,-1.9879964813731048,0.21868894457506535,0.21052631578947367,0.02864595264940445
Intermediate AD-like perturbation,0.5,461,2Hz,semantic_expanded,1.0,2.016526204227121,True,0.2942449158074513,0.0020731203795096324,-1.5469720780195182,0.16104779639018293,0.07692307692307693,0.024712915982811362
Intermediate AD-like perturbation,0.5,503,2Hz,episodic_expanded,1.0,1.5361187874852693,True,0.43141526441698846,0.001993215162403869,3.262289041910882,0.3214561821976601,0.8421052631578947,0.025229207588802306
Intermediate AD-like perturbation,0.5,503,2Hz,semantic_expanded,1.0,1.9255426374598763,True,0.5305706875446184,0.00231850953164634,-0.4650799837697771,0.21435233253043207,0.38461538461538464,0.007201806941342231
High AD-like perturbation,1.0,11,2Hz,episodic_expanded,1.0,1.2508489468236665,True,0.26225854463734377,0.0026755119483070455,8.373510476754223,0.2417506618512262,0.6842105263157895,0.027176237865368658
High AD-like perturbation,1.0,11,2Hz,semantic_expanded,1.0,0.9896995154316053,False,0.21362900082713354,0.017480584540386094,-3.099825209301178,0.12317934432541373,0.15384615384615385,0.008684215553425596
High AD-like perturbation,1.0,23,2Hz,episodic_expanded,1.0,1.4305658662827354,True,0.2800617170559285,0.002576711218526896,7.187489120311149,0.26043323161851695,0.631578947368421,0.008804559032785396
High AD-like perturbation,1.0,23,2Hz,semantic_expanded,1.0,1.0076176750989956,True,0.21812259216592633,0.01773981394388052,-2.475293379573583,0.1458102248959485,0.23076923076923078,0.005612585019269534
High AD-like perturbation,1.0,37,2Hz,episodic_expanded,1.0,1.6606396946504134,True,0.3653506874120946,0.0029348773879599604,6.0099485664373775,0.2925161296332385,0.7368421052631579,0.008610816474040266
High AD-like perturbation,1.0,37,2Hz,semantic_expanded,1.0,0.9234201440209594,False,0.2035501261519535,0.01790856763471405,-2.695785917414627,0.17584363760084568,0.3076923076923077,0.002251035191020316
High AD-like perturbation,1.0,53,2Hz,episodic_expanded,1.0,1.6648588187708924,True,0.3502177549429819,0.002786013305227222,6.8941952216477285,0.12197204027814645,0.21052631578947367,0.020625802912105817
High AD-like perturbation,1.0,53,2Hz,semantic_expanded,1.0,1.0287629082104899,True,0.22271775581313485,0.01826619925717986,-2.966213616590179,0.17394864965445078,0.07692307692307693,0.006122253317389371
High AD-like perturbation,1.0,71,2Hz,episodic_expanded,1.0,2.6844789108498546,True,0.47161120232103787,0.002869365255135784,-0.02479035160072763,0.3487990986638547,0.42105263157894735,0.008524561660304082
High AD-like perturbation,1.0,71,2Hz,semantic_expanded,1.0,1.1292432158561518,True,0.23337264968282492,0.01677910491517515,-3.8144353499150863,0.18993943830332238,0.23076923076923078,0.0031666732444236706
High AD-like perturbation,1.0,89,2Hz,episodic_expanded,1.0,1.2914769619150523,True,0.23097261130407398,0.0025638496308007176,8.84285236420861,0.19510822907822467,0.42105263157894735,0.03127487326826919
High AD-like perturbation,1.0,89,2Hz,semantic_expanded,1.0,0.9475818771524064,False,0.20692458145594925,0.01740721250449282,-1.9836500463803284,0.14229885173881476,0.15384615384615385,0.008031725313300956
High AD-like perturbation,1.0,107,2Hz,episodic_expanded,1.0,1.6102741687695603,True,0.2805093000530609,0.002568604920261994,6.879711623882151,0.14202683972193914,0.2631578947368421,0.013559382127923056
High AD-like perturbation,1.0,107,2Hz,semantic_expanded,1.0,1.3184303194846398,True,0.2639673446047483,0.017133241116394273,-3.646678176964233,0.1317272711909803,0.15384615384615385,0.005551930356879578
High AD-like perturbation,1.0,127,2Hz,episodic_expanded,1.0,2.256800451938931,True,0.4265094679128494,0.003177365923400943,1.3777365219063629,0.33744545747435195,0.5263157894736842,0.016573707124668574
High AD-like perturbation,1.0,127,2Hz,semantic_expanded,1.0,1.2589415817952276,True,0.25894283831753956,0.018296599522439554,-5.347666751248481,0.15609285491323172,0.07692307692307693,0.006675816560588636
High AD-like perturbation,1.0,149,2Hz,episodic_expanded,1.0,1.5373648852979866,True,0.361698265996792,0.0030183664783462565,6.833116076685563,0.1874431872614654,0.47368421052631576,0.0013096567571407244
High AD-like perturbation,1.0,149,2Hz,semantic_expanded,1.0,0.8870724141087628,False,0.22314140196499085,0.018651603914508957,-2.6626342528252422,0.1369334922656116,0.0,0.0033397104923439842
High AD-like perturbation,1.0,173,2Hz,episodic_expanded,1.0,1.3789123403686048,True,0.30982809383509585,0.0029760291358596714,5.462679471786754,0.20717305524787558,0.47368421052631576,0.022014092405793075
High AD-like perturbation,1.0,173,2Hz,semantic_expanded,1.0,1.1483500627941903,True,0.23013366336443128,0.01654897152603478,-1.8920525770695227,0.13808743434765602,0.0,0.006052993217569911
High AD-like perturbation,1.0,197,2Hz,episodic_expanded,1.0,1.3921836707937065,True,0.3091344655065107,0.0027217953826943584,7.564791406341461,0.3390619862572106,0.7894736842105263,0.019705670635705816
High AD-like perturbation,1.0,197,2Hz,semantic_expanded,1.0,0.8607104825298937,False,0.19282446799088715,0.018557212477650294,-1.6638568046516136,0.1375767990318101,0.23076923076923078,0.0032702557901466214
High AD-like perturbation,1.0,223,2Hz,episodic_expanded,1.0,2.5951713257471805,True,0.48584282460546774,0.0027185707614878502,-0.7610765713337665,0.10449145382697161,0.15789473684210525,0.056194366468029555
High AD-like perturbation,1.0,223,2Hz,semantic_expanded,1.0,1.4381621348792821,True,0.28393710870918726,0.018275094744368958,-4.859557652343786,0.10168330875960392,0.07692307692307693,0.02292471427885141
High AD-like perturbation,1.0,251,2Hz,episodic_expanded,1.0,1.6154379829435093,True,0.2859596631555394,0.0024877040768327445,6.066805258294967,0.2983699079802847,0.631578947368421,0.029588519494421067
High AD-like perturbation,1.0,251,2Hz,semantic_expanded,1.0,0.9481284258913965,False,0.20608260620187369,0.017066681674915797,-3.718682268159374,0.18334510344004792,0.23076923076923078,0.012996934862113736
High AD-like perturbation,1.0,281,2Hz,episodic_expanded,1.0,1.4922799397181985,True,0.2789066719452056,0.002743030586415424,7.585584388372348,0.18614029584449726,0.3684210526315789,0.0232232367424516
High AD-like perturbation,1.0,281,2Hz,semantic_expanded,1.0,1.1129515512722443,True,0.2351587785499648,0.017604541169725568,-2.056943293132795,0.13075805755469883,0.15384615384615385,0.004314998870413703
High AD-like perturbation,1.0,313,2Hz,episodic_expanded,1.0,0.8768285897571464,False,0.2602568630019131,0.0030643317816090856,1.6693455603963163,0.15502989898801087,0.10526315789473684,0.004934227761431334
High AD-like perturbation,1.0,313,2Hz,semantic_expanded,1.0,0.9086111285090587,False,0.20020789826363725,0.017555316225940244,-2.450089580364814,0.17120390006996405,0.23076923076923078,4.1259745224817707e-05
High AD-like perturbation,1.0,347,2Hz,episodic_expanded,1.0,1.2931935032164321,True,0.2826436446632394,0.0023720609201436107,7.256638156389432,0.32262932937256483,0.631578947368421,0.0223835502910462
High AD-like perturbation,1.0,347,2Hz,semantic_expanded,1.0,0.9915445518720121,False,0.21732714018262636,0.017449093363628442,-0.9282071665375241,0.16965846117202443,0.38461538461538464,0.008905513317083865
High AD-like perturbation,1.0,383,2Hz,episodic_expanded,1.0,1.6682315434490347,True,0.3489478039939914,0.002772999025412216,6.25008610071876,0.1585010008012126,0.3157894736842105,0.013010338002779509
High AD-like perturbation,1.0,383,2Hz,semantic_expanded,1.0,1.1608921022308683,True,0.24155897266172033,0.018331137090621268,-2.9589176948074365,0.13844534182119658,0.07692307692307693,0.000282121457332838
High AD-like perturbation,1.0,421,2Hz,episodic_expanded,1.0,2.370455340022216,True,0.4682903071947433,0.00360722933451307,2.272491276641686,0.13156861505552947,0.15789473684210525,0.02308139410557919
High AD-like perturbation,1.0,421,2Hz,semantic_expanded,1.0,1.1044624173927373,True,0.2429785600001858,0.019364041100588824,-1.5790667923156334,0.13403269592713887,0.23076923076923078,0.005918832312854257
High AD-like perturbation,1.0,461,2Hz,episodic_expanded,1.0,1.349233518345775,True,0.327608160158313,0.0028873506758250287,7.115599688567292,0.11345204632242696,0.2631578947368421,0.01669483033068167
High AD-like perturbation,1.0,461,2Hz,semantic_expanded,1.0,0.8741030470622967,False,0.1919890489566336,0.016265439767552396,-2.115722151848515,0.17574414498268146,0.23076923076923078,0.005826587613294817
High AD-like perturbation,1.0,503,2Hz,episodic_expanded,1.0,1.2057832793095329,True,0.24751361671666589,0.0022973857022631425,8.743543267429917,0.37112249389515767,0.7368421052631579,0.03332175649429778
High AD-like perturbation,1.0,503,2Hz,semantic_expanded,1.0,0.8763344736128341,False,0.19302977204499575,0.017494044116499886,-1.4791935184931757,0.1368378849589285,0.15384615384615385,0.012673946495672156
Baseline,0.0,11,5Hz,episodic_expanded,1.0,8.807887742245967e-05,False,-2.4116957244935124e-05,0.0007562648339973951,31.905366240330896,0.9999994342225019,1.0,0.00019089749001821588
Baseline,0.0,11,5Hz,semantic_expanded,1.0,0.0003242731242837851,False,-8.406331588091122e-05,0.0003869675657594165,31.91147669896482,0.9999987821389765,1.0,0.00014680958867407945
Baseline,0.0,23,5Hz,episodic_expanded,1.0,8.706001652259691e-05,False,-2.3724629865373717e-05,0.0007562648339974361,31.90553149129017,0.9999994334561216,1.0,0.00019525772626849403
Baseline,0.0,23,5Hz,semantic_expanded,1.0,0.00032231852809420464,False,-8.34287564218883e-05,0.00038696756575969083,31.911301097421592,0.9999987865862516,1.0,0.00013906268239405328
Baseline,0.0,37,5Hz,episodic_expanded,1.0,8.785638846791977e-05,False,-2.3985976257989706e-05,0.0007562648339969747,31.905528847063124,0.9999994336798387,1.0,0.0001920428014194897
Baseline,0.0,37,5Hz,semantic_expanded,1.0,0.00032344669097126574,False,-8.376316566378607e-05,0.00038696756576479536,31.911543904593206,0.9999987858301336,1.0,0.0001415842871490547
Baseline,0.0,53,5Hz,episodic_expanded,1.0,8.869792076205085e-05,False,-2.431137042009368e-05,0.0007562648339968752,31.905360201215384,0.9999994254538842,1.0,0.00019151018557383992
Baseline,0.0,53,5Hz,semantic_expanded,1.0,0.00032676073780839294,False,-8.470522541008663e-05,0.00038696756575925704,31.911408958074922,0.9999987720668964,1.0,0.00015041304137763944
Baseline,0.0,71,5Hz,episodic_expanded,1.0,8.895783001291335e-05,False,-2.4287305254944158e-05,0.0007562648339973703,31.905461157692983,0.9999994282108218,1.0,0.0001921163068530074
Baseline,0.0,71,5Hz,semantic_expanded,1.0,0.0003266610589772083,False,-8.461018820176136e-05,0.00038696756576294045,31.911546451003577,0.9999987682931807,1.0,0.00014364218238838156
Baseline,0.0,89,5Hz,episodic_expanded,1.0,8.874798470994936e-05,False,-2.4261207465503534e-05,0.000756264833997688,31.905323219592884,0.9999994290891243,1.0,0.0001911490246986336
Baseline,0.0,89,5Hz,semantic_expanded,1.0,0.0003263018579878239,False,-8.452560070955074e-05,0.00038696756576347524,31.911465231012606,0.999998770036443,1.0,0.00014946170987784058
Baseline,0.0,107,5Hz,episodic_expanded,1.0,8.997371616512284e-05,False,-2.4602639198079147e-05,0.0007562648339965958,31.905455440374986,0.9999994228300152,1.0,0.00018971981180415654
Baseline,0.0,107,5Hz,semantic_expanded,1.0,0.00032883857345984897,False,-8.517343306841952e-05,0.0003869675657583023,31.91177093251882,0.9999987646293929,1.0,0.00015676767494077204
Baseline,0.0,127,5Hz,episodic_expanded,1.0,8.812952487442873e-05,False,-2.414236314560725e-05,0.0007562648339970989,31.90533581366506,0.9999994322541811,1.0,0.00019085755113823488
Baseline,0.0,127,5Hz,semantic_expanded,1.0,0.00032444917994562766,False,-8.412380427786915e-05,0.00038696756575945366,31.91148266220587,0.9999987787400844,1.0,0.000147243114200446
Baseline,0.0,149,5Hz,episodic_expanded,1.0,8.783087265558707e-05,False,-2.3981670062944718e-05,0.0007562648339972063,31.905518061938093,0.9999994303850674,1.0,0.00019195694209050984
Baseline,0.0,149,5Hz,semantic_expanded,1.0,0.00032400766887401614,False,-8.390506647417696e-05,0.0003869675657625524,31.91163671714768,0.9999987815841754,1.0,0.0001420264246472236
Baseline,0.0,173,5Hz,episodic_expanded,1.0,8.859267862952654e-05,False,-2.418890117592554e-05,0.0007562648339974113,31.905350612535134,0.9999994314197546,1.0,0.00019161894796293488
Baseline,0.0,173,5Hz,semantic_expanded,1.0,0.00032526095239217826,False,-8.423197312872333e-05,0.00038696756575907836,31.911455981333297,0.9999987752460769,1.0,0.00014522115259274493
Baseline,0.0,197,5Hz,episodic_expanded,1.0,8.968222028580884e-05,False,-2.457971521128144e-05,0.0007562648339965622,31.90566030871393,0.9999994232824357,1.0,0.0001899189825238512
Baseline,0.0,197,5Hz,semantic_expanded,1.0,0.0003284040821402087,False,-8.509706248656103e-05,0.00038696756575800327,31.911855259938307,0.9999987623371231,1.0,0.00015585730086575822
Baseline,0.0,223,5Hz,episodic_expanded,1.0,8.8866528236559e-05,False,-2.4358551907965875e-05,0.000756264833997203,31.905514658715713,0.9999994251241737,1.0,0.00019167306088330172
Baseline,0.0,223,5Hz,semantic_expanded,1.0,0.0003269328011152891,False,-8.476083250776868e-05,0.00038696756575935364,31.911691913740214,0.9999987645875332,1.0,0.00015250403776789767
Baseline,0.0,251,5Hz,episodic_expanded,1.0,8.841037798152957e-05,False,-2.416064521009176e-05,0.000756264833997463,31.905392017023658,0.9999994280996031,1.0,0.00019228925070269298
Baseline,0.0,251,5Hz,semantic_expanded,1.0,0.0003249759874304483,False,-8.419287268610632e-05,0.0003869675657635904,31.911425589915975,0.9999987739477301,1.0,0.0001449414226808443
Baseline,0.0,281,5Hz,episodic_expanded,1.0,8.785069294849162e-05,False,-2.399045051539872e-05,0.0007562648339972555,31.90553681450703,0.9999994290451232,1.0,0.00019185897734574908
Baseline,0.0,281,5Hz,semantic_expanded,1.0,0.00032359926442876864,False,-8.381011948088712e-05,0.00038696756576067447,31.91146446874379,0.9999987770772557,1.0,0.00014207757468676085
Baseline,0.0,313,5Hz,episodic_expanded,1.0,8.785959641770548e-05,False,-2.3995745178684305e-05,0.000756264833997469,31.905603947058783,0.9999994397438321,1.0,0.00019201860216910838
Baseline,0.0,313,5Hz,semantic_expanded,1.0,0.00032262540900349567,False,-8.357331749966335e-05,0.0003869675657607769,31.91151556956289,0.9999987985538104,1.0,0.0001397150682367343
Baseline,0.0,347,5Hz,episodic_expanded,1.0,8.80282975655364e-05,False,-2.3970017121666134e-05,0.0007562648339969383,31.905630678540703,0.9999994360612063,1.0,0.00019450684317035005
Baseline,0.0,347,5Hz,semantic_expanded,1.0,0.0003233412302972814,False,-8.368778770684315e-05,0.00038696756576297276,31.911477057504143,0.9999987851357599,1.0,0.00013794078165596524
Baseline,0.0,383,5Hz,episodic_expanded,1.0,8.737547142290067e-05,False,-2.3800388399042308e-05,0.000756264833995319,31.905574632336094,0.9999994356030835,1.0,0.00019385865507248745
Baseline,0.0,383,5Hz,semantic_expanded,1.0,0.00032237373874900764,False,-8.341300983305544e-05,0.00038696756575961347,31.911514341834824,0.9999987892976216,1.0,0.00013559386446626576
Baseline,0.0,421,5Hz,episodic_expanded,1.0,8.946115934688359e-05,False,-2.4402993427674603e-05,0.0007562648339973669,31.90544463138569,0.9999994311252641,1.0,0.00019066188269589723
Baseline,0.0,421,5Hz,semantic_expanded,1.0,0.00032703533362185143,False,-8.467616209912877e-05,0.0003869675657590787,31.911531343737096,0.9999987760611461,1.0,0.00014841058250913974
Baseline,0.0,461,5Hz,episodic_expanded,1.0,8.755321835686873e-05,False,-2.391819635176873e-05,0.000756264833997109,31.90554571899931,0.9999994349026509,1.0,0.00019230569289496735
Baseline,0.0,461,5Hz,semantic_expanded,1.0,0.0003233874742905719,False,-8.377241543939818e-05,0.00038696756576056274,31.911404153662687,0.9999987821042817,1.0,0.00014049005903404854
Baseline,0.0,503,5Hz,episodic_expanded,1.0,8.836165670138545e-05,False,-2.414468711444684e-05,0.0007562648339974367,31.905463813953546,0.9999994315703193,1.0,0.00019237987309828064
Baseline,0.0,503,5Hz,semantic_expanded,1.0,0.00032526699024988757,False,-8.426295730563639e-05,0.00038696756576458985,31.911635248314248,0.9999987781471785,1.0,0.00014465694561449638
Intermediate AD-like perturbation,0.5,11,5Hz,episodic_expanded,1.0,0.6448973782880452,False,0.2235120370740841,0.02542218680351367,3.081520493494839,0.1265363003747357,0.05263157894736842,0.07490501659751075
Intermediate AD-like perturbation,0.5,11,5Hz,semantic_expanded,1.0,1.126767850289937,True,0.3081033355715119,0.0362115988449992,1.7931282146071137,0.09335061134862474,0.0,0.06972202888925945
Intermediate AD-like perturbation,0.5,23,5Hz,episodic_expanded,1.0,1.2858784059786543,True,0.4553349988130757,0.013945927241105839,8.927238063147545,0.4060126441212029,0.8947368421052632,0.07672807764168643
Intermediate AD-like perturbation,0.5,23,5Hz,semantic_expanded,1.0,1.2972196512735523,True,0.5129148862673754,0.020984619213193185,2.4070715832762044,0.2575205039543402,0.7692307692307693,0.06379199780449685
Intermediate AD-like perturbation,0.5,37,5Hz,episodic_expanded,1.0,2.8238899067226977,True,0.4773106700848459,0.0030033715326024503,5.092194142258064,0.31017832257930655,0.8421052631578947,0.08129162757753677
Intermediate AD-like perturbation,0.5,37,5Hz,semantic_expanded,1.0,3.2014281240203943,True,0.51833781860739,0.0027796272949359036,2.6332853922012314,0.20719300391820114,0.6923076923076923,0.029883700020888988
Intermediate AD-like perturbation,0.5,53,5Hz,episodic_expanded,1.0,2.180220685033555,True,0.4262677981901985,0.002975961688567153,6.430812595312393,0.24541370868296594,0.6842105263157895,0.0001886854165740609
Intermediate AD-like perturbation,0.5,53,5Hz,semantic_expanded,1.0,2.5349391761332756,True,0.49325261684629623,0.0041465245750710485,3.5662562236581423,0.1506569022037572,0.15384615384615385,0.01553210969785052
Intermediate AD-like perturbation,0.5,71,5Hz,episodic_expanded,1.0,1.4146259838232267,True,0.3855211761606441,0.013152720219048872,1.1734694235424312,0.22086230450264924,0.6842105263157895,0.1073511020613427
Intermediate AD-like perturbation,0.5,71,5Hz,semantic_expanded,1.0,1.7676043673904223,True,0.5484519565854796,0.026509415482383728,-0.14094670687021685,0.14508257835049218,0.07692307692307693,0.08228654916238487
Intermediate AD-like perturbation,0.5,89,5Hz,episodic_expanded,1.0,3.1315287431176664,True,0.5660714078039089,0.004976862770734314,-0.7133264379369159,0.24357710009046243,0.2631578947368421,0.08269209115748526
Intermediate AD-like perturbation,0.5,89,5Hz,semantic_expanded,1.0,3.4162392607332497,True,0.6837580311045143,0.011281556208689987,-1.692409868148919,0.14843702314180385,0.0,0.02815483964109915
Intermediate AD-like perturbation,0.5,107,5Hz,episodic_expanded,1.0,1.0263912630610381,True,0.21543482712992434,0.0022292090110686198,4.158266111111822,0.20260587701161778,0.5263157894736842,0.05159821132677504
Intermediate AD-like perturbation,0.5,107,5Hz,semantic_expanded,1.0,0.37433614520373654,False,0.14435790523948075,0.0032777718213174065,2.421581930206157,0.09034133695592382,0.07692307692307693,0.07544266491183836
Intermediate AD-like perturbation,0.5,127,5Hz,episodic_expanded,1.0,0.45032291677553676,False,0.08063110222021948,0.0018119908606247061,3.161768890936589,0.2099957969576717,0.5789473684210527,0.07222246643885416
Intermediate AD-like perturbation,0.5,127,5Hz,semantic_expanded,1.0,0.13129818600748205,False,0.019818912686459546,0.0013631898182903325,-0.6984945557541433,0.10147296787268567,0.07692307692307693,0.0752095308987091
Intermediate AD-like perturbation,0.5,149,5Hz,episodic_expanded,1.0,2.3854146109773513,True,0.5834208861443791,0.006676983477501285,0.6342337452263016,0.15509442634363668,0.2631578947368421,0.17525557478359238
Intermediate AD-like perturbation,0.5,149,5Hz,semantic_expanded,1.0,1.6818529275475287,True,0.6012667323189129,0.017376542338768976,0.4698918544448203,0.060280809076527504,0.07692307692307693,0.1311678568063217
Intermediate AD-like perturbation,0.5,173,5Hz,episodic_expanded,1.0,0.8593493750495635,False,0.30912740172985204,0.04770769678070658,5.896009358566069,0.05403671667774847,0.0,0.13964551652220605
Intermediate AD-like perturbation,0.5,173,5Hz,semantic_expanded,1.0,1.2279348193989104,True,0.3368769472313786,0.0423723540490539,4.622854267204443,0.08549786596841129,0.0,0.09452748005161143
Intermediate AD-like perturbation,0.5,197,5Hz,episodic_expanded,1.0,0.9999622038739082,False,0.5214566845756962,0.021801454533094414,3.6355495643904123,0.3284259611931867,0.8421052631578947,0.0001877798346400269
Intermediate AD-like perturbation,0.5,197,5Hz,semantic_expanded,1.0,1.4525445979170746,True,0.6059302847663952,0.028922670944933376,1.9478610900046722,0.22261346144336883,0.6923076923076923,0.0026892074475100298
Intermediate AD-like perturbation,0.5,223,5Hz,episodic_expanded,1.0,0.7422057081530382,False,0.425670200160224,0.012641067560719643,3.8962322152524056,0.10485200504128948,0.0,0.16850539208733645
Intermediate AD-like perturbation,0.5,223,5Hz,semantic_expanded,1.0,1.184058468580159,True,0.5934725194214119,0.04361667971726574,4.03496525761871,0.045397953362104324,0.0,0.1439918328620437
Intermediate AD-like perturbation,0.5,251,5Hz,episodic_expanded,1.0,1.0143295890960964,True,0.33278426724980537,0.031065365895070304,4.890380504287623,0.17004631677232415,0.2631578947368421,0.024126239104080516
Intermediate AD-like perturbation,0.5,251,5Hz,semantic_expanded,1.0,1.5198620109418362,True,0.35129925446511245,0.019055661671240363,2.464919799369222,0.16662107609923427,0.23076923076923078,0.036006015545903144
Intermediate AD-like perturbation,0.5,281,5Hz,episodic_expanded,1.0,2.4069098289063904,True,0.5548644363366413,0.007602831024211092,0.44077791351625994,0.18286726324494232,0.3684210526315789,0.1197452107104742
Intermediate AD-like perturbation,0.5,281,5Hz,semantic_expanded,1.0,3.2824448245632376,True,0.7213129665231661,0.013428030683289004,-2.0056288533449607,0.05944050644182719,0.07692307692307693,0.1320736876789595
Intermediate AD-like perturbation,0.5,313,5Hz,episodic_expanded,1.0,2.6785676648932486,True,0.7223610690514563,0.011500647245936545,2.885169862742333,0.12063361133890464,0.15789473684210525,0.16380600777580556
Intermediate AD-like perturbation,0.5,313,5Hz,semantic_expanded,1.0,3.5837793998700866,True,0.8799100403809441,0.030776415638697274,0.6900162419682199,0.09652635880611969,0.0,0.13566932383758717
Intermediate AD-like perturbation,0.5,347,5Hz,episodic_expanded,1.0,1.6145964909737307,True,0.39961420220186655,0.01346586726378074,1.7490124805549856,0.1931932873170346,0.42105263157894735,0.07524227524313812
Intermediate AD-like perturbation,0.5,347,5Hz,semantic_expanded,1.0,2.618671523429853,True,0.5926682842906157,0.008245022425456302,-0.6478890011629137,0.14538213194844216,0.07692307692307693,0.06453224965221474
Intermediate AD-like perturbation,0.5,383,5Hz,episodic_expanded,1.0,2.3851626523830856,True,0.5488622773393234,0.012056849422222836,5.305718774529838,0.09800157567893969,0.10526315789473684,0.10674325739098516
Intermediate AD-like perturbation,0.5,383,5Hz,semantic_expanded,1.0,2.626642815413531,True,0.6168256378662191,0.012742340612316834,4.38136705415947,0.07823977741684741,0.0,0.13246491734487703
Intermediate AD-like perturbation,0.5,421,5Hz,episodic_expanded,1.0,2.748531655607452,True,0.47392929041801257,0.002060202289130802,3.999411556815611,0.35131907317915734,0.8421052631578947,0.08525478150946214
Intermediate AD-like perturbation,0.5,421,5Hz,semantic_expanded,1.0,3.140011648517451,True,0.5121069458843945,0.0014835388119898937,2.0282381160485126,0.2095355466093607,0.6153846153846154,0.020188162152978487
Intermediate AD-like perturbation,0.5,461,5Hz,episodic_expanded,1.0,0.8926538918342881,False,0.232948045988847,0.027411589535711843,4.0913727467287,0.07384877199027562,0.0,0.3011060909097933
Intermediate AD-like perturbation,0.5,461,5Hz,semantic_expanded,1.0,0.9327714478713461,False,0.27985016410313135,0.03493907185176652,3.1683679062762304,0.04876781444636448,0.07692307692307693,0.24529562342593364
Intermediate AD-like perturbation,0.5,503,5Hz,episodic_expanded,1.0,2.5321540063797348,True,0.538626560986774,0.004313619093335922,3.4642803208801984,0.1897284206560214,0.47368421052631576,0.0795545661709336
Intermediate AD-like perturbation,0.5,503,5Hz,semantic_expanded,1.0,2.9971487006293804,True,0.6344345576784289,0.006116807404481209,2.9853935766550106,0.17293409034184093,0.3076923076923077,0.09994960236211256
High AD-like perturbation,1.0,11,5Hz,episodic_expanded,1.0,1.2992964769733033,True,0.26949081444711925,0.0021296759124714336,6.700235026936937,0.22288872219305952,0.5263157894736842,0.029745243854639475
High AD-like perturbation,1.0,11,5Hz,semantic_expanded,1.0,1.0382296515656082,True,0.22255255811169894,0.01662874493537908,-2.645202110688774,0.10599865230011508,0.0,0.009519007988167676
High AD-like perturbation,1.0,23,5Hz,episodic_expanded,1.0,0.9323727093219949,False,0.2247273418070536,0.0022891784504140648,5.915549551796666,0.23106143108690871,0.5263157894736842,0.03600857819841351
High AD-like perturbation,1.0,23,5Hz,semantic_expanded,1.0,1.0725194199073793,True,0.23052380258185137,0.01616980634125725,-3.285623912265323,0.11657743043100578,0.23076923076923078,0.0030855829346746744
High AD-like perturbation,1.0,37,5Hz,episodic_expanded,1.0,1.8755607613519285,True,0.42390710705606377,0.0024813894547143036,6.519639349742436,0.24032920439746264,0.5789473684210527,0.014902074048856843
High AD-like perturbation,1.0,37,5Hz,semantic_expanded,1.0,0.987284399698036,False,0.2150173237671673,0.01572376400232395,-1.8611946551436094,0.13921043717390472,0.07692307692307693,0.02472416202554788
High AD-like perturbation,1.0,53,5Hz,episodic_expanded,1.0,1.3036483384712807,True,0.2728914383635567,0.003081922913615905,7.460016854620209,0.24234868486872085,0.6842105263157895,0.025408014597170472
High AD-like perturbation,1.0,53,5Hz,semantic_expanded,1.0,1.0962116314968444,True,0.23269534360308458,0.016595784649699262,0.02440877140622428,0.15589540161241,0.23076923076923078,0.01269373219796608
High AD-like perturbation,1.0,71,5Hz,episodic_expanded,1.0,1.7493226116997753,True,0.32609362367108263,0.002352338005168778,8.074178425224893,0.2447955168381603,0.5789473684210527,0.05411368827028769
High AD-like perturbation,1.0,71,5Hz,semantic_expanded,1.0,1.0248093690486875,True,0.22263598107288016,0.015251778831099419,-0.2691194165584626,0.10727298274487031,0.0,0.009023764679783183
High AD-like perturbation,1.0,89,5Hz,episodic_expanded,1.0,1.3995935641634403,True,0.26496172375799304,0.0021298974207636,7.3249761521738055,0.21700444572920993,0.47368421052631576,0.05998289782341573
High AD-like perturbation,1.0,89,5Hz,semantic_expanded,1.0,1.0586951830728561,True,0.23056548010777483,0.016600269722095395,-1.1450929888772046,0.11326987520889244,0.07692307692307693,0.005326248416899253
High AD-like perturbation,1.0,107,5Hz,episodic_expanded,1.0,1.408973710186383,True,0.296699420217254,0.002778356474162902,7.577362035539451,0.26207651223950373,0.7368421052631579,0.034308998601425125
High AD-like perturbation,1.0,107,5Hz,semantic_expanded,1.0,1.5829746435215903,True,0.309757770895759,0.017518241480787938,-0.34719102609403985,0.14549052616832167,0.07692307692307693,0.004795950612855773
High AD-like perturbation,1.0,127,5Hz,episodic_expanded,1.0,1.8810336590353256,True,0.36539816214097237,0.003151389861551018,7.832319036879429,0.30507506258682754,0.8947368421052632,0.022266887866405474
High AD-like perturbation,1.0,127,5Hz,semantic_expanded,1.0,0.9954623924116429,False,0.21610006695308057,0.01797902031995554,-0.1579384134036925,0.1844424961258377,0.38461538461538464,0.004961670214439679
High AD-like perturbation,1.0,149,5Hz,episodic_expanded,1.0,1.3666145200909707,True,0.3780153777624443,0.0033518429778687376,6.90031704803221,0.14630102768642939,0.21052631578947367,0.05685834969100806
High AD-like perturbation,1.0,149,5Hz,semantic_expanded,1.0,1.083634907957975,True,0.28314102098539556,0.025762579439078916,3.1522346304486892,0.12551132926588177,0.3076923076923077,0.04227945363571369
High AD-like perturbation,1.0,173,5Hz,episodic_expanded,1.0,0.45636789571694575,False,0.1641425916875621,0.0018714899182639495,6.738251404694341,0.22110602729513662,0.5789473684210527,0.0820956175456549
High AD-like perturbation,1.0,173,5Hz,semantic_expanded,1.0,1.0239838415153064,True,0.21781544174061934,0.01615265145170772,0.1628677587454351,0.10625506024074434,0.07692307692307693,0.020913428328496058
High AD-like perturbation,1.0,197,5Hz,episodic_expanded,1.0,1.339418709870961,True,0.3241118558509833,0.003247334592626399,5.871369358598124,0.19484527532878954,0.42105263157894735,0.0026090792682901334
High AD-like perturbation,1.0,197,5Hz,semantic_expanded,1.0,0.9219334003352622,False,0.2031377000453886,0.018002415694133116,-2.7228211039500927,0.12136822461769782,0.07692307692307693,0.031036130697540357
High AD-like perturbation,1.0,223,5Hz,episodic_expanded,1.0,3.2008158920159575,True,0.606924306435905,0.003937086754818796,1.6173199860503154,0.12633581256722703,0.15789473684210525,0.09813488961801982
High AD-like perturbation,1.0,223,5Hz,semantic_expanded,1.0,1.8349296525770091,True,0.34740764564922144,0.019418072270038094,0.8776495254431818,0.1270786682415556,0.23076923076923078,0.06168522362941534
High AD-like perturbation,1.0,251,5Hz,episodic_expanded,1.0,2.1233060393948358,True,0.3807601328614205,0.0017761014102792043,5.9473129061986185,0.21125451523487027,0.5263157894736842,0.025002419212075203
High AD-like perturbation,1.0,251,5Hz,semantic_expanded,1.0,1.0286137417135781,True,0.21866590329241756,0.015283296306295324,-2.1235013028183896,0.1610604308773439,0.15384615384615385,0.0184309685498371
High AD-like perturbation,1.0,281,5Hz,episodic_expanded,1.0,1.6525442522512623,True,0.3210360395184469,0.0024058095421762766,8.147254127925699,0.19326989534543357,0.42105263157894735,0.02170092722910956
High AD-like perturbation,1.0,281,5Hz,semantic_expanded,1.0,1.1803405025805356,True,0.2470924954844904,0.017914723674019823,-1.9886469430121354,0.11407971551556789,0.07692307692307693,0.0056859052286808084
High AD-like perturbation,1.0,313,5Hz,episodic_expanded,1.0,0.9879869921906701,False,0.26677872212451875,0.0031854999820337825,6.824552518562848,0.2605884335662468,0.8947368421052632,0.022373880265308434
High AD-like perturbation,1.0,313,5Hz,semantic_expanded,1.0,1.236908151614661,True,0.2506160262989263,0.01726971366770391,-0.33928646637533577,0.14530028720523297,0.15384615384615385,0.02523059474391118
High AD-like perturbation,1.0,347,5Hz,episodic_expanded,1.0,1.8780837538501434,True,0.3696260946747695,0.00326669205338935,8.03867009950568,0.19678434999898586,0.42105263157894735,0.04973946903779961
High AD-like perturbation,1.0,347,5Hz,semantic_expanded,1.0,1.2273006427950355,True,0.2558164306273114,0.01629754422975356,2.020047726700078,0.10426862854793469,0.23076923076923078,0.07819703228871049
High AD-like perturbation,1.0,383,5Hz,episodic_expanded,1.0,1.761104113041575,True,0.3619360645665218,0.0034668934704593663,10.242773282283528,0.19328609113398135,0.42105263157894735,0.013416075353576654
High AD-like perturbation,1.0,383,5Hz,semantic_expanded,1.0,1.2457202785971526,True,0.25401315209679737,0.018277958284111395,0.1968437189260946,0.16900836267260474,0.3076923076923077,0.03692184050681631
High AD-like perturbation,1.0,421,5Hz,episodic_expanded,1.0,2.6502141218968003,True,0.5159895880578024,0.004597746248835177,2.102504044864025,0.18634392916314252,0.42105263157894735,0.0014608456979220835
High AD-like perturbation,1.0,421,5Hz,semantic_expanded,1.0,1.2107183602033307,True,0.2543522935512554,0.016624550612365868,-1.693946338874689,0.11283605290244451,0.07692307692307693,0.027046394596981597
High AD-like perturbation,1.0,461,5Hz,episodic_expanded,1.0,1.6330017307500335,True,0.38248126639694147,0.0021979970299203263,9.4830490099838,0.18565993702012504,0.2631578947368421,0.04399590586429669
High AD-like perturbation,1.0,461,5Hz,semantic_expanded,1.0,0.9002404574717551,False,0.1963891184134204,0.014544904796751492,1.9478079520026155,0.21622009060545155,0.6153846153846154,0.06003915738204833
High AD-like perturbation,1.0,503,5Hz,episodic_expanded,1.0,1.352566042826759,True,0.30402217163519635,0.002429005607294304,6.384979635309977,0.1956210521788503,0.42105263157894735,0.039045709704949416
High AD-like perturbation,1.0,503,5Hz,semantic_expanded,1.0,0.9117866320816577,False,0.19824839195634322,0.01666945505483955,-3.20769042725566,0.08773834754450587,0.07692307692307693,0.006705519519605824
