scope,variant,condition,severity,seed,probe,global_coupling,input_peak_per_ms,dt_ms,pair,semantic_network,episodic_network,outcome,unit,semantic_value,episodic_value,semantic_minus_episodic_interaction
spatial_shuffle_01,shuffle_01,"High AD-like perturbation, spatially shuffled",1.0,11,2Hz,60.0,0.02,0.5,expanded_bilateral,semantic_expanded,episodic_expanded,transfer_gain,log2 ratio,8.794211627838965,7.48977808885803,1.3044335389809358
spatial_shuffle_02,shuffle_02,"High AD-like perturbation, spatially shuffled",1.0,11,2Hz,60.0,0.02,0.5,expanded_bilateral,semantic_expanded,episodic_expanded,transfer_gain,log2 ratio,7.863781283857917,7.582487906503559,0.2812933773543582
spatial_shuffle_03,shuffle_03,"High AD-like perturbation, spatially shuffled",1.0,11,2Hz,60.0,0.02,0.5,expanded_bilateral,semantic_expanded,episodic_expanded,transfer_gain,log2 ratio,8.58180211297918,7.969608684384244,0.6121934285949351
spatial_shuffle_04,shuffle_04,"High AD-like perturbation, spatially shuffled",1.0,11,2Hz,60.0,0.02,0.5,expanded_bilateral,semantic_expanded,episodic_expanded,transfer_gain,log2 ratio,9.174691198491347,7.5158659641846235,1.6588252343067236
spatial_shuffle_05,shuffle_05,"High AD-like perturbation, spatially shuffled",1.0,11,2Hz,60.0,0.02,0.5,expanded_bilateral,semantic_expanded,episodic_expanded,transfer_gain,log2 ratio,8.662115044282134,7.928461735336794,0.7336533089453399
spatial_shuffle_06,shuffle_06,"High AD-like perturbation, spatially shuffled",1.0,11,2Hz,60.0,0.02,0.5,expanded_bilateral,semantic_expanded,episodic_expanded,transfer_gain,log2 ratio,6.415496302197212,5.282477885588988,1.1330184166082242
spatial_shuffle_07,shuffle_07,"High AD-like perturbation, spatially shuffled",1.0,11,2Hz,60.0,0.02,0.5,expanded_bilateral,semantic_expanded,episodic_expanded,transfer_gain,log2 ratio,9.387773407079631,9.1819505550411,0.20582285203853168
spatial_shuffle_08,shuffle_08,"High AD-like perturbation, spatially shuffled",1.0,11,2Hz,60.0,0.02,0.5,expanded_bilateral,semantic_expanded,episodic_expanded,transfer_gain,log2 ratio,9.02771604573696,7.843794929226974,1.1839211165099863
spatial_shuffle_09,shuffle_09,"High AD-like perturbation, spatially shuffled",1.0,11,2Hz,60.0,0.02,0.5,expanded_bilateral,semantic_expanded,episodic_expanded,transfer_gain,log2 ratio,8.642026950883068,8.749049294037672,-0.10702234315460402
spatial_shuffle_10,shuffle_10,"High AD-like perturbation, spatially shuffled",1.0,11,2Hz,60.0,0.02,0.5,expanded_bilateral,semantic_expanded,episodic_expanded,transfer_gain,log2 ratio,8.846983522415288,9.115741201419015,-0.26875767900372693
spatial_shuffle_11,shuffle_11,"High AD-like perturbation, spatially shuffled",1.0,11,2Hz,60.0,0.02,0.5,expanded_bilateral,semantic_expanded,episodic_expanded,transfer_gain,log2 ratio,7.400205198868898,6.212104904849218,1.18810029401968
spatial_shuffle_12,shuffle_12,"High AD-like perturbation, spatially shuffled",1.0,11,2Hz,60.0,0.02,0.5,expanded_bilateral,semantic_expanded,episodic_expanded,transfer_gain,log2 ratio,7.638541631209197,8.262439208992873,-0.6238975777836764
spatial_shuffle_13,shuffle_13,"High AD-like perturbation, spatially shuffled",1.0,11,2Hz,60.0,0.02,0.5,expanded_bilateral,semantic_expanded,episodic_expanded,transfer_gain,log2 ratio,14.105356713837294,11.354688122084717,2.750668591752577
spatial_shuffle_14,shuffle_14,"High AD-like perturbation, spatially shuffled",1.0,11,2Hz,60.0,0.02,0.5,expanded_bilateral,semantic_expanded,episodic_expanded,transfer_gain,log2 ratio,7.541791990800148,6.073146211976958,1.4686457788231895
spatial_shuffle_15,shuffle_15,"High AD-like perturbation, spatially shuffled",1.0,11,2Hz,60.0,0.02,0.5,expanded_bilateral,semantic_expanded,episodic_expanded,transfer_gain,log2 ratio,8.416073830269335,7.739045093335814,0.6770287369335213
spatial_shuffle_16,shuffle_16,"High AD-like perturbation, spatially shuffled",1.0,11,2Hz,60.0,0.02,0.5,expanded_bilateral,semantic_expanded,episodic_expanded,transfer_gain,log2 ratio,10.114690274925424,8.382826117789755,1.7318641571356697
spatial_shuffle_17,shuffle_17,"High AD-like perturbation, spatially shuffled",1.0,11,2Hz,60.0,0.02,0.5,expanded_bilateral,semantic_expanded,episodic_expanded,transfer_gain,log2 ratio,10.526969259002955,8.391401000650625,2.1355682583523308
spatial_shuffle_18,shuffle_18,"High AD-like perturbation, spatially shuffled",1.0,11,2Hz,60.0,0.02,0.5,expanded_bilateral,semantic_expanded,episodic_expanded,transfer_gain,log2 ratio,8.625744129322246,7.220098563868798,1.4056455654534483
spatial_shuffle_19,shuffle_19,"High AD-like perturbation, spatially shuffled",1.0,11,2Hz,60.0,0.02,0.5,expanded_bilateral,semantic_expanded,episodic_expanded,transfer_gain,log2 ratio,11.334428950654946,12.009226029622333,-0.6747970789673872
spatial_shuffle_20,shuffle_20,"High AD-like perturbation, spatially shuffled",1.0,11,2Hz,60.0,0.02,0.5,expanded_bilateral,semantic_expanded,episodic_expanded,transfer_gain,log2 ratio,9.916427223242382,8.768687289308389,1.1477399339339929
spatial_shuffle_21,shuffle_21,"High AD-like perturbation, spatially shuffled",1.0,11,2Hz,60.0,0.02,0.5,expanded_bilateral,semantic_expanded,episodic_expanded,transfer_gain,log2 ratio,9.0581819696827,8.729358797550333,0.3288231721323669
spatial_shuffle_22,shuffle_22,"High AD-like perturbation, spatially shuffled",1.0,11,2Hz,60.0,0.02,0.5,expanded_bilateral,semantic_expanded,episodic_expanded,transfer_gain,log2 ratio,6.698985753181254,8.818592230666772,-2.119606477485518
spatial_shuffle_23,shuffle_23,"High AD-like perturbation, spatially shuffled",1.0,11,2Hz,60.0,0.02,0.5,expanded_bilateral,semantic_expanded,episodic_expanded,transfer_gain,log2 ratio,8.156451707332087,7.665778653547227,0.49067305378485937
spatial_shuffle_24,shuffle_24,"High AD-like perturbation, spatially shuffled",1.0,11,2Hz,60.0,0.02,0.5,expanded_bilateral,semantic_expanded,episodic_expanded,transfer_gain,log2 ratio,8.938080229485637,7.950910561003185,0.9871696684824522
spatial_shuffle_25,shuffle_25,"High AD-like perturbation, spatially shuffled",1.0,11,2Hz,60.0,0.02,0.5,expanded_bilateral,semantic_expanded,episodic_expanded,transfer_gain,log2 ratio,8.719662322431116,8.75473093552558,-0.035068613094463075
spatial_shuffle_26,shuffle_26,"High AD-like perturbation, spatially shuffled",1.0,11,2Hz,60.0,0.02,0.5,expanded_bilateral,semantic_expanded,episodic_expanded,transfer_gain,log2 ratio,9.176825782217339,7.0702341591936255,2.1065916230237134
spatial_shuffle_27,shuffle_27,"High AD-like perturbation, spatially shuffled",1.0,11,2Hz,60.0,0.02,0.5,expanded_bilateral,semantic_expanded,episodic_expanded,transfer_gain,log2 ratio,7.526680871448732,6.073842575356406,1.4528382960923256
spatial_shuffle_28,shuffle_28,"High AD-like perturbation, spatially shuffled",1.0,11,2Hz,60.0,0.02,0.5,expanded_bilateral,semantic_expanded,episodic_expanded,transfer_gain,log2 ratio,7.990409785277606,7.590843642910417,0.39956614236718924
spatial_shuffle_29,shuffle_29,"High AD-like perturbation, spatially shuffled",1.0,11,2Hz,60.0,0.02,0.5,expanded_bilateral,semantic_expanded,episodic_expanded,transfer_gain,log2 ratio,11.31361894308015,9.990222648001014,1.323396295079137
spatial_shuffle_30,shuffle_30,"High AD-like perturbation, spatially shuffled",1.0,11,2Hz,60.0,0.02,0.5,expanded_bilateral,semantic_expanded,episodic_expanded,transfer_gain,log2 ratio,9.24520409826908,8.123377051389102,1.121827046879977
spatial_shuffle_31,shuffle_31,"High AD-like perturbation, spatially shuffled",1.0,11,2Hz,60.0,0.02,0.5,expanded_bilateral,semantic_expanded,episodic_expanded,transfer_gain,log2 ratio,8.289043018467481,8.831875838153808,-0.5428328196863266
spatial_shuffle_32,shuffle_32,"High AD-like perturbation, spatially shuffled",1.0,11,2Hz,60.0,0.02,0.5,expanded_bilateral,semantic_expanded,episodic_expanded,transfer_gain,log2 ratio,10.6362100122323,8.356099112260106,2.280110899972195
spatial_shuffle_33,shuffle_33,"High AD-like perturbation, spatially shuffled",1.0,11,2Hz,60.0,0.02,0.5,expanded_bilateral,semantic_expanded,episodic_expanded,transfer_gain,log2 ratio,9.389206659093363,9.11089873263182,0.278307926461542
spatial_shuffle_34,shuffle_34,"High AD-like perturbation, spatially shuffled",1.0,11,2Hz,60.0,0.02,0.5,expanded_bilateral,semantic_expanded,episodic_expanded,transfer_gain,log2 ratio,8.597467444054292,7.959766250270401,0.637701193783891
spatial_shuffle_35,shuffle_35,"High AD-like perturbation, spatially shuffled",1.0,11,2Hz,60.0,0.02,0.5,expanded_bilateral,semantic_expanded,episodic_expanded,transfer_gain,log2 ratio,9.212727436122785,8.699114420536727,0.5136130155860581
spatial_shuffle_36,shuffle_36,"High AD-like perturbation, spatially shuffled",1.0,11,2Hz,60.0,0.02,0.5,expanded_bilateral,semantic_expanded,episodic_expanded,transfer_gain,log2 ratio,9.35504028005601,9.755639531530456,-0.4005992514744463
spatial_shuffle_37,shuffle_37,"High AD-like perturbation, spatially shuffled",1.0,11,2Hz,60.0,0.02,0.5,expanded_bilateral,semantic_expanded,episodic_expanded,transfer_gain,log2 ratio,7.428437420668208,7.340080163009416,0.08835725765879143
spatial_shuffle_38,shuffle_38,"High AD-like perturbation, spatially shuffled",1.0,11,2Hz,60.0,0.02,0.5,expanded_bilateral,semantic_expanded,episodic_expanded,transfer_gain,log2 ratio,8.148509810281572,7.469054767018222,0.6794550432633502
spatial_shuffle_39,shuffle_39,"High AD-like perturbation, spatially shuffled",1.0,11,2Hz,60.0,0.02,0.5,expanded_bilateral,semantic_expanded,episodic_expanded,transfer_gain,log2 ratio,7.50504297406337,7.483355545686569,0.02168742837680071
spatial_shuffle_40,shuffle_40,"High AD-like perturbation, spatially shuffled",1.0,11,2Hz,60.0,0.02,0.5,expanded_bilateral,semantic_expanded,episodic_expanded,transfer_gain,log2 ratio,9.823483277892773,8.558975658617642,1.2645076192751308
spatial_shuffle_41,shuffle_41,"High AD-like perturbation, spatially shuffled",1.0,11,2Hz,60.0,0.02,0.5,expanded_bilateral,semantic_expanded,episodic_expanded,transfer_gain,log2 ratio,7.530420814808092,6.788143096965934,0.7422777178421578
spatial_shuffle_42,shuffle_42,"High AD-like perturbation, spatially shuffled",1.0,11,2Hz,60.0,0.02,0.5,expanded_bilateral,semantic_expanded,episodic_expanded,transfer_gain,log2 ratio,10.642444175598575,8.140498050236033,2.501946125362542
spatial_shuffle_43,shuffle_43,"High AD-like perturbation, spatially shuffled",1.0,11,2Hz,60.0,0.02,0.5,expanded_bilateral,semantic_expanded,episodic_expanded,transfer_gain,log2 ratio,9.384780849781782,7.966551602536889,1.4182292472448932
spatial_shuffle_44,shuffle_44,"High AD-like perturbation, spatially shuffled",1.0,11,2Hz,60.0,0.02,0.5,expanded_bilateral,semantic_expanded,episodic_expanded,transfer_gain,log2 ratio,6.962643472816225,7.104134485729652,-0.14149101291342703
spatial_shuffle_45,shuffle_45,"High AD-like perturbation, spatially shuffled",1.0,11,2Hz,60.0,0.02,0.5,expanded_bilateral,semantic_expanded,episodic_expanded,transfer_gain,log2 ratio,8.46506946339602,8.913519064718825,-0.448449601322805
spatial_shuffle_46,shuffle_46,"High AD-like perturbation, spatially shuffled",1.0,11,2Hz,60.0,0.02,0.5,expanded_bilateral,semantic_expanded,episodic_expanded,transfer_gain,log2 ratio,8.18827235640969,7.752313295797567,0.43595906061212375
spatial_shuffle_47,shuffle_47,"High AD-like perturbation, spatially shuffled",1.0,11,2Hz,60.0,0.02,0.5,expanded_bilateral,semantic_expanded,episodic_expanded,transfer_gain,log2 ratio,8.392569614198122,7.493360489997646,0.8992091242004756
spatial_shuffle_48,shuffle_48,"High AD-like perturbation, spatially shuffled",1.0,11,2Hz,60.0,0.02,0.5,expanded_bilateral,semantic_expanded,episodic_expanded,transfer_gain,log2 ratio,8.772699683685133,8.746829228464108,0.025870455221024713
spatial_shuffle_49,shuffle_49,"High AD-like perturbation, spatially shuffled",1.0,11,2Hz,60.0,0.02,0.5,expanded_bilateral,semantic_expanded,episodic_expanded,transfer_gain,log2 ratio,8.30210722286415,7.657726371725811,0.6443808511383384
spatial_shuffle_50,shuffle_50,"High AD-like perturbation, spatially shuffled",1.0,11,2Hz,60.0,0.02,0.5,expanded_bilateral,semantic_expanded,episodic_expanded,transfer_gain,log2 ratio,9.146117103863265,9.83023011218589,-0.6841130083226243
spatial_shuffle_01,shuffle_01,"High AD-like perturbation, spatially shuffled",1.0,11,5Hz,60.0,0.02,0.5,expanded_bilateral,semantic_expanded,episodic_expanded,transfer_gain,log2 ratio,8.301233645964672,6.9764941411919095,1.3247395047727624
spatial_shuffle_02,shuffle_02,"High AD-like perturbation, spatially shuffled",1.0,11,5Hz,60.0,0.02,0.5,expanded_bilateral,semantic_expanded,episodic_expanded,transfer_gain,log2 ratio,7.004083467668275,6.713716128298703,0.29036733936957226
spatial_shuffle_03,shuffle_03,"High AD-like perturbation, spatially shuffled",1.0,11,5Hz,60.0,0.02,0.5,expanded_bilateral,semantic_expanded,episodic_expanded,transfer_gain,log2 ratio,8.177843432961613,7.429601616080212,0.7482418168814009
spatial_shuffle_04,shuffle_04,"High AD-like perturbation, spatially shuffled",1.0,11,5Hz,60.0,0.02,0.5,expanded_bilateral,semantic_expanded,episodic_expanded,transfer_gain,log2 ratio,8.543819130789577,7.2710440870596225,1.272775043729955
spatial_shuffle_05,shuffle_05,"High AD-like perturbation, spatially shuffled",1.0,11,5Hz,60.0,0.02,0.5,expanded_bilateral,semantic_expanded,episodic_expanded,transfer_gain,log2 ratio,8.474367105656473,7.495406112198476,0.9789609934579966
spatial_shuffle_06,shuffle_06,"High AD-like perturbation, spatially shuffled",1.0,11,5Hz,60.0,0.02,0.5,expanded_bilateral,semantic_expanded,episodic_expanded,transfer_gain,log2 ratio,6.575470402196523,4.847856508094278,1.7276138941022454
spatial_shuffle_07,shuffle_07,"High AD-like perturbation, spatially shuffled",1.0,11,5Hz,60.0,0.02,0.5,expanded_bilateral,semantic_expanded,episodic_expanded,transfer_gain,log2 ratio,8.572513313978543,8.513422486904055,0.05909082707448832
spatial_shuffle_08,shuffle_08,"High AD-like perturbation, spatially shuffled",1.0,11,5Hz,60.0,0.02,0.5,expanded_bilateral,semantic_expanded,episodic_expanded,transfer_gain,log2 ratio,8.236046100481882,7.159024012916505,1.0770220875653775
spatial_shuffle_09,shuffle_09,"High AD-like perturbation, spatially shuffled",1.0,11,5Hz,60.0,0.02,0.5,expanded_bilateral,semantic_expanded,episodic_expanded,transfer_gain,log2 ratio,8.155977814069477,8.29257699158734,-0.13659917751786388
spatial_shuffle_10,shuffle_10,"High AD-like perturbation, spatially shuffled",1.0,11,5Hz,60.0,0.02,0.5,expanded_bilateral,semantic_expanded,episodic_expanded,transfer_gain,log2 ratio,7.8508799542917345,8.227835347515786,-0.37695539322405125
spatial_shuffle_11,shuffle_11,"High AD-like perturbation, spatially shuffled",1.0,11,5Hz,60.0,0.02,0.5,expanded_bilateral,semantic_expanded,episodic_expanded,transfer_gain,log2 ratio,6.836073774563277,5.348267704293602,1.4878060702696754
spatial_shuffle_12,shuffle_12,"High AD-like perturbation, spatially shuffled",1.0,11,5Hz,60.0,0.02,0.5,expanded_bilateral,semantic_expanded,episodic_expanded,transfer_gain,log2 ratio,6.89531639246933,7.455715789853077,-0.5603993973837467
spatial_shuffle_13,shuffle_13,"High AD-like perturbation, spatially shuffled",1.0,11,5Hz,60.0,0.02,0.5,expanded_bilateral,semantic_expanded,episodic_expanded,transfer_gain,log2 ratio,13.745131698097557,11.250760248695736,2.4943714494018216
spatial_shuffle_14,shuffle_14,"High AD-like perturbation, spatially shuffled",1.0,11,5Hz,60.0,0.02,0.5,expanded_bilateral,semantic_expanded,episodic_expanded,transfer_gain,log2 ratio,6.850299012348257,5.5916980664512534,1.2586009458970038
spatial_shuffle_15,shuffle_15,"High AD-like perturbation, spatially shuffled",1.0,11,5Hz,60.0,0.02,0.5,expanded_bilateral,semantic_expanded,episodic_expanded,transfer_gain,log2 ratio,7.707894754430516,7.014636207788711,0.6932585466418049
spatial_shuffle_16,shuffle_16,"High AD-like perturbation, spatially shuffled",1.0,11,5Hz,60.0,0.02,0.5,expanded_bilateral,semantic_expanded,episodic_expanded,transfer_gain,log2 ratio,8.96851893914961,7.552234940863283,1.4162839982863265
spatial_shuffle_17,shuffle_17,"High AD-like perturbation, spatially shuffled",1.0,11,5Hz,60.0,0.02,0.5,expanded_bilateral,semantic_expanded,episodic_expanded,transfer_gain,log2 ratio,9.681404612244776,7.698926314139363,1.9824782981054136
spatial_shuffle_18,shuffle_18,"High AD-like perturbation, spatially shuffled",1.0,11,5Hz,60.0,0.02,0.5,expanded_bilateral,semantic_expanded,episodic_expanded,transfer_gain,log2 ratio,8.547809225057483,7.468359796310331,1.0794494287471519
spatial_shuffle_19,shuffle_19,"High AD-like perturbation, spatially shuffled",1.0,11,5Hz,60.0,0.02,0.5,expanded_bilateral,semantic_expanded,episodic_expanded,transfer_gain,log2 ratio,10.60863059686741,11.59753942507943,-0.9889088282120202
spatial_shuffle_20,shuffle_20,"High AD-like perturbation, spatially shuffled",1.0,11,5Hz,60.0,0.02,0.5,expanded_bilateral,semantic_expanded,episodic_expanded,transfer_gain,log2 ratio,11.611798644797645,9.599143262880641,2.0126553819170034
spatial_shuffle_21,shuffle_21,"High AD-like perturbation, spatially shuffled",1.0,11,5Hz,60.0,0.02,0.5,expanded_bilateral,semantic_expanded,episodic_expanded,transfer_gain,log2 ratio,8.111339907729572,7.769405651593685,0.3419342561358878
spatial_shuffle_22,shuffle_22,"High AD-like perturbation, spatially shuffled",1.0,11,5Hz,60.0,0.02,0.5,expanded_bilateral,semantic_expanded,episodic_expanded,transfer_gain,log2 ratio,5.710107156101091,7.909855854873036,-2.199748698771945
spatial_shuffle_23,shuffle_23,"High AD-like perturbation, spatially shuffled",1.0,11,5Hz,60.0,0.02,0.5,expanded_bilateral,semantic_expanded,episodic_expanded,transfer_gain,log2 ratio,7.527093824826058,7.024328434558503,0.5027653902675553
spatial_shuffle_24,shuffle_24,"High AD-like perturbation, spatially shuffled",1.0,11,5Hz,60.0,0.02,0.5,expanded_bilateral,semantic_expanded,episodic_expanded,transfer_gain,log2 ratio,8.80880384333256,7.653307468439376,1.1554963748931844
spatial_shuffle_25,shuffle_25,"High AD-like perturbation, spatially shuffled",1.0,11,5Hz,60.0,0.02,0.5,expanded_bilateral,semantic_expanded,episodic_expanded,transfer_gain,log2 ratio,7.955256775997537,7.997136142947235,-0.04187936694969796
spatial_shuffle_26,shuffle_26,"High AD-like perturbation, spatially shuffled",1.0,11,5Hz,60.0,0.02,0.5,expanded_bilateral,semantic_expanded,episodic_expanded,transfer_gain,log2 ratio,8.467434484018808,6.3867987001329825,2.0806357838858256
spatial_shuffle_27,shuffle_27,"High AD-like perturbation, spatially shuffled",1.0,11,5Hz,60.0,0.02,0.5,expanded_bilateral,semantic_expanded,episodic_expanded,transfer_gain,log2 ratio,6.654599762095073,5.3240601758645605,1.330539586230513
spatial_shuffle_28,shuffle_28,"High AD-like perturbation, spatially shuffled",1.0,11,5Hz,60.0,0.02,0.5,expanded_bilateral,semantic_expanded,episodic_expanded,transfer_gain,log2 ratio,7.393697763830492,7.414993124218302,-0.021295360387810547
spatial_shuffle_29,shuffle_29,"High AD-like perturbation, spatially shuffled",1.0,11,5Hz,60.0,0.02,0.5,expanded_bilateral,semantic_expanded,episodic_expanded,transfer_gain,log2 ratio,11.94404119273964,9.682084086186158,2.2619571065534814
spatial_shuffle_30,shuffle_30,"High AD-like perturbation, spatially shuffled",1.0,11,5Hz,60.0,0.02,0.5,expanded_bilateral,semantic_expanded,episodic_expanded,transfer_gain,log2 ratio,8.280491955692405,7.413434932142626,0.867057023549779
spatial_shuffle_31,shuffle_31,"High AD-like perturbation, spatially shuffled",1.0,11,5Hz,60.0,0.02,0.5,expanded_bilateral,semantic_expanded,episodic_expanded,transfer_gain,log2 ratio,7.843114906524568,8.226810404149619,-0.38369549762505084
spatial_shuffle_32,shuffle_32,"High AD-like perturbation, spatially shuffled",1.0,11,5Hz,60.0,0.02,0.5,expanded_bilateral,semantic_expanded,episodic_expanded,transfer_gain,log2 ratio,9.227619616758384,7.318748108463483,1.9088715082949008
spatial_shuffle_33,shuffle_33,"High AD-like perturbation, spatially shuffled",1.0,11,5Hz,60.0,0.02,0.5,expanded_bilateral,semantic_expanded,episodic_expanded,transfer_gain,log2 ratio,7.80497857205974,8.106597201065243,-0.3016186290055032
spatial_shuffle_34,shuffle_34,"High AD-like perturbation, spatially shuffled",1.0,11,5Hz,60.0,0.02,0.5,expanded_bilateral,semantic_expanded,episodic_expanded,transfer_gain,log2 ratio,8.100656852088047,7.0126353857864245,1.0880214663016226
spatial_shuffle_35,shuffle_35,"High AD-like perturbation, spatially shuffled",1.0,11,5Hz,60.0,0.02,0.5,expanded_bilateral,semantic_expanded,episodic_expanded,transfer_gain,log2 ratio,8.340716823010004,8.046046468679569,0.2946703543304352
spatial_shuffle_36,shuffle_36,"High AD-like perturbation, spatially shuffled",1.0,11,5Hz,60.0,0.02,0.5,expanded_bilateral,semantic_expanded,episodic_expanded,transfer_gain,log2 ratio,9.096004842557313,9.332943575498515,-0.23693873294120138
spatial_shuffle_37,shuffle_37,"High AD-like perturbation, spatially shuffled",1.0,11,5Hz,60.0,0.02,0.5,expanded_bilateral,semantic_expanded,episodic_expanded,transfer_gain,log2 ratio,6.56538618310717,6.543193811892708,0.02219237121446138
spatial_shuffle_38,shuffle_38,"High AD-like perturbation, spatially shuffled",1.0,11,5Hz,60.0,0.02,0.5,expanded_bilateral,semantic_expanded,episodic_expanded,transfer_gain,log2 ratio,7.57092263326429,7.072735862332162,0.4981867709321284
spatial_shuffle_39,shuffle_39,"High AD-like perturbation, spatially shuffled",1.0,11,5Hz,60.0,0.02,0.5,expanded_bilateral,semantic_expanded,episodic_expanded,transfer_gain,log2 ratio,7.095396611388853,7.503043571590788,-0.4076469602019346
spatial_shuffle_40,shuffle_40,"High AD-like perturbation, spatially shuffled",1.0,11,5Hz,60.0,0.02,0.5,expanded_bilateral,semantic_expanded,episodic_expanded,transfer_gain,log2 ratio,9.040011785234993,7.854481159609625,1.1855306256253684
spatial_shuffle_41,shuffle_41,"High AD-like perturbation, spatially shuffled",1.0,11,5Hz,60.0,0.02,0.5,expanded_bilateral,semantic_expanded,episodic_expanded,transfer_gain,log2 ratio,7.643166269688923,7.23483230270077,0.4083339669881525
spatial_shuffle_42,shuffle_42,"High AD-like perturbation, spatially shuffled",1.0,11,5Hz,60.0,0.02,0.5,expanded_bilateral,semantic_expanded,episodic_expanded,transfer_gain,log2 ratio,11.051189528930227,8.00333264140477,3.047856887525457
spatial_shuffle_43,shuffle_43,"High AD-like perturbation, spatially shuffled",1.0,11,5Hz,60.0,0.02,0.5,expanded_bilateral,semantic_expanded,episodic_expanded,transfer_gain,log2 ratio,9.018658549849428,7.466960150741503,1.5516983991079254
spatial_shuffle_44,shuffle_44,"High AD-like perturbation, spatially shuffled",1.0,11,5Hz,60.0,0.02,0.5,expanded_bilateral,semantic_expanded,episodic_expanded,transfer_gain,log2 ratio,6.4605457630918295,6.442390494993234,0.01815526809859591
spatial_shuffle_45,shuffle_45,"High AD-like perturbation, spatially shuffled",1.0,11,5Hz,60.0,0.02,0.5,expanded_bilateral,semantic_expanded,episodic_expanded,transfer_gain,log2 ratio,7.796571733442832,8.205539294335184,-0.40896756089235176
spatial_shuffle_46,shuffle_46,"High AD-like perturbation, spatially shuffled",1.0,11,5Hz,60.0,0.02,0.5,expanded_bilateral,semantic_expanded,episodic_expanded,transfer_gain,log2 ratio,7.6704285326888275,6.783098449328122,0.8873300833607054
spatial_shuffle_47,shuffle_47,"High AD-like perturbation, spatially shuffled",1.0,11,5Hz,60.0,0.02,0.5,expanded_bilateral,semantic_expanded,episodic_expanded,transfer_gain,log2 ratio,7.783909162978812,7.070387635088249,0.7135215278905633
spatial_shuffle_48,shuffle_48,"High AD-like perturbation, spatially shuffled",1.0,11,5Hz,60.0,0.02,0.5,expanded_bilateral,semantic_expanded,episodic_expanded,transfer_gain,log2 ratio,7.670734203833376,7.494215043130755,0.17651916070262175
spatial_shuffle_49,shuffle_49,"High AD-like perturbation, spatially shuffled",1.0,11,5Hz,60.0,0.02,0.5,expanded_bilateral,semantic_expanded,episodic_expanded,transfer_gain,log2 ratio,7.389062971545854,7.224221651030611,0.1648413205152428
spatial_shuffle_50,shuffle_50,"High AD-like perturbation, spatially shuffled",1.0,11,5Hz,60.0,0.02,0.5,expanded_bilateral,semantic_expanded,episodic_expanded,transfer_gain,log2 ratio,8.473910884565424,9.115629924772504,-0.6417190402070805
spatial_shuffle_01,shuffle_01,"High AD-like perturbation, spatially shuffled",1.0,11,2Hz,60.0,0.02,0.5,expanded_bilateral,semantic_expanded,episodic_expanded,functional_connectivity,Fisher-z difference,-2.106670589306119,-2.1810634880055573,0.07439289869943844
spatial_shuffle_02,shuffle_02,"High AD-like perturbation, spatially shuffled",1.0,11,2Hz,60.0,0.02,0.5,expanded_bilateral,semantic_expanded,episodic_expanded,functional_connectivity,Fisher-z difference,-2.12733433264503,-2.2010316289683662,0.07369729632333621
spatial_shuffle_03,shuffle_03,"High AD-like perturbation, spatially shuffled",1.0,11,2Hz,60.0,0.02,0.5,expanded_bilateral,semantic_expanded,episodic_expanded,functional_connectivity,Fisher-z difference,-2.0613465608942474,-1.9846918427396176,-0.07665471815462976
spatial_shuffle_04,shuffle_04,"High AD-like perturbation, spatially shuffled",1.0,11,2Hz,60.0,0.02,0.5,expanded_bilateral,semantic_expanded,episodic_expanded,functional_connectivity,Fisher-z difference,-2.0540504078392914,-2.113462426004504,0.059412018165212466
spatial_shuffle_05,shuffle_05,"High AD-like perturbation, spatially shuffled",1.0,11,2Hz,60.0,0.02,0.5,expanded_bilateral,semantic_expanded,episodic_expanded,functional_connectivity,Fisher-z difference,-1.991199050513423,-2.006581945433622,0.015382894920198842
spatial_shuffle_06,shuffle_06,"High AD-like perturbation, spatially shuffled",1.0,11,2Hz,60.0,0.02,0.5,expanded_bilateral,semantic_expanded,episodic_expanded,functional_connectivity,Fisher-z difference,-2.152286755907082,-2.0069777666746025,-0.14530898923247948
spatial_shuffle_07,shuffle_07,"High AD-like perturbation, spatially shuffled",1.0,11,2Hz,60.0,0.02,0.5,expanded_bilateral,semantic_expanded,episodic_expanded,functional_connectivity,Fisher-z difference,-2.0485781192222223,-2.1037707979992692,0.05519267877704692
spatial_shuffle_08,shuffle_08,"High AD-like perturbation, spatially shuffled",1.0,11,2Hz,60.0,0.02,0.5,expanded_bilateral,semantic_expanded,episodic_expanded,functional_connectivity,Fisher-z difference,-2.0888286000315226,-2.163800280466109,0.07497168043458657
spatial_shuffle_09,shuffle_09,"High AD-like perturbation, spatially shuffled",1.0,11,2Hz,60.0,0.02,0.5,expanded_bilateral,semantic_expanded,episodic_expanded,functional_connectivity,Fisher-z difference,-2.1097430738945913,-2.190008391670106,0.0802653177755146
spatial_shuffle_10,shuffle_10,"High AD-like perturbation, spatially shuffled",1.0,11,2Hz,60.0,0.02,0.5,expanded_bilateral,semantic_expanded,episodic_expanded,functional_connectivity,Fisher-z difference,-2.1407681079435514,-2.2082595921172996,0.06749148417374817
spatial_shuffle_11,shuffle_11,"High AD-like perturbation, spatially shuffled",1.0,11,2Hz,60.0,0.02,0.5,expanded_bilateral,semantic_expanded,episodic_expanded,functional_connectivity,Fisher-z difference,-2.0489677155537054,-2.1836825454142637,0.13471482986055827
spatial_shuffle_12,shuffle_12,"High AD-like perturbation, spatially shuffled",1.0,11,2Hz,60.0,0.02,0.5,expanded_bilateral,semantic_expanded,episodic_expanded,functional_connectivity,Fisher-z difference,-2.099927624650119,-2.197461287768527,0.09753366311840805
spatial_shuffle_13,shuffle_13,"High AD-like perturbation, spatially shuffled",1.0,11,2Hz,60.0,0.02,0.5,expanded_bilateral,semantic_expanded,episodic_expanded,functional_connectivity,Fisher-z difference,-2.0778571461435553,-2.170140042727225,0.0922828965836695
spatial_shuffle_14,shuffle_14,"High AD-like perturbation, spatially shuffled",1.0,11,2Hz,60.0,0.02,0.5,expanded_bilateral,semantic_expanded,episodic_expanded,functional_connectivity,Fisher-z difference,-1.9902647488907335,-2.0434959302907645,0.053231181400031025
spatial_shuffle_15,shuffle_15,"High AD-like perturbation, spatially shuffled",1.0,11,2Hz,60.0,0.02,0.5,expanded_bilateral,semantic_expanded,episodic_expanded,functional_connectivity,Fisher-z difference,-2.0178699494240657,-2.0665072541492355,0.048637304725169805
spatial_shuffle_16,shuffle_16,"High AD-like perturbation, spatially shuffled",1.0,11,2Hz,60.0,0.02,0.5,expanded_bilateral,semantic_expanded,episodic_expanded,functional_connectivity,Fisher-z difference,-2.0380023207423847,-2.14990254893661,0.11190022819422518
spatial_shuffle_17,shuffle_17,"High AD-like perturbation, spatially shuffled",1.0,11,2Hz,60.0,0.02,0.5,expanded_bilateral,semantic_expanded,episodic_expanded,functional_connectivity,Fisher-z difference,-1.8349352359158357,-1.8875029615243617,0.05256772560852596
spatial_shuffle_18,shuffle_18,"High AD-like perturbation, spatially shuffled",1.0,11,2Hz,60.0,0.02,0.5,expanded_bilateral,semantic_expanded,episodic_expanded,functional_connectivity,Fisher-z difference,-1.9346930165256928,-2.075038063152606,0.14034504662691316
spatial_shuffle_19,shuffle_19,"High AD-like perturbation, spatially shuffled",1.0,11,2Hz,60.0,0.02,0.5,expanded_bilateral,semantic_expanded,episodic_expanded,functional_connectivity,Fisher-z difference,-2.106389022352433,-2.1612068748348414,0.05481785248240856
spatial_shuffle_20,shuffle_20,"High AD-like perturbation, spatially shuffled",1.0,11,2Hz,60.0,0.02,0.5,expanded_bilateral,semantic_expanded,episodic_expanded,functional_connectivity,Fisher-z difference,-2.1203849720478862,-2.1657962988782864,0.04541132683040017
spatial_shuffle_21,shuffle_21,"High AD-like perturbation, spatially shuffled",1.0,11,2Hz,60.0,0.02,0.5,expanded_bilateral,semantic_expanded,episodic_expanded,functional_connectivity,Fisher-z difference,-2.1211433472281143,-2.2018634568812687,0.08072010965315446
spatial_shuffle_22,shuffle_22,"High AD-like perturbation, spatially shuffled",1.0,11,2Hz,60.0,0.02,0.5,expanded_bilateral,semantic_expanded,episodic_expanded,functional_connectivity,Fisher-z difference,-2.0686030289702217,-2.1996373767906174,0.1310343478203957
spatial_shuffle_23,shuffle_23,"High AD-like perturbation, spatially shuffled",1.0,11,2Hz,60.0,0.02,0.5,expanded_bilateral,semantic_expanded,episodic_expanded,functional_connectivity,Fisher-z difference,-1.994412669421939,-2.1021101393707076,0.1076974699487685
spatial_shuffle_24,shuffle_24,"High AD-like perturbation, spatially shuffled",1.0,11,2Hz,60.0,0.02,0.5,expanded_bilateral,semantic_expanded,episodic_expanded,functional_connectivity,Fisher-z difference,-2.0546426128406075,-2.054518768206794,-0.00012384463381343025
spatial_shuffle_25,shuffle_25,"High AD-like perturbation, spatially shuffled",1.0,11,2Hz,60.0,0.02,0.5,expanded_bilateral,semantic_expanded,episodic_expanded,functional_connectivity,Fisher-z difference,-2.146936235916511,-2.039012134118672,-0.10792410179783873
spatial_shuffle_26,shuffle_26,"High AD-like perturbation, spatially shuffled",1.0,11,2Hz,60.0,0.02,0.5,expanded_bilateral,semantic_expanded,episodic_expanded,functional_connectivity,Fisher-z difference,-2.1063155538158647,-2.147653943903378,0.0413383900875135
spatial_shuffle_27,shuffle_27,"High AD-like perturbation, spatially shuffled",1.0,11,2Hz,60.0,0.02,0.5,expanded_bilateral,semantic_expanded,episodic_expanded,functional_connectivity,Fisher-z difference,-2.0950562949795315,-2.1593580817960856,0.06430178681655407
spatial_shuffle_28,shuffle_28,"High AD-like perturbation, spatially shuffled",1.0,11,2Hz,60.0,0.02,0.5,expanded_bilateral,semantic_expanded,episodic_expanded,functional_connectivity,Fisher-z difference,-2.1166754390164213,-2.1614015035205245,0.04472606450410321
spatial_shuffle_29,shuffle_29,"High AD-like perturbation, spatially shuffled",1.0,11,2Hz,60.0,0.02,0.5,expanded_bilateral,semantic_expanded,episodic_expanded,functional_connectivity,Fisher-z difference,-2.0107851815555566,-2.0600925358584985,0.049307354302941864
spatial_shuffle_30,shuffle_30,"High AD-like perturbation, spatially shuffled",1.0,11,2Hz,60.0,0.02,0.5,expanded_bilateral,semantic_expanded,episodic_expanded,functional_connectivity,Fisher-z difference,-2.0489420689836204,-2.1181221504035577,0.06918008141993726
spatial_shuffle_31,shuffle_31,"High AD-like perturbation, spatially shuffled",1.0,11,2Hz,60.0,0.02,0.5,expanded_bilateral,semantic_expanded,episodic_expanded,functional_connectivity,Fisher-z difference,-2.11045067557499,-2.2010312529886202,0.09058057741363035
spatial_shuffle_32,shuffle_32,"High AD-like perturbation, spatially shuffled",1.0,11,2Hz,60.0,0.02,0.5,expanded_bilateral,semantic_expanded,episodic_expanded,functional_connectivity,Fisher-z difference,-1.9340893408759738,-1.9401483114890643,0.006058970613090464
spatial_shuffle_33,shuffle_33,"High AD-like perturbation, spatially shuffled",1.0,11,2Hz,60.0,0.02,0.5,expanded_bilateral,semantic_expanded,episodic_expanded,functional_connectivity,Fisher-z difference,-2.113627802043298,-2.1756604179156263,0.06203261587232811
spatial_shuffle_34,shuffle_34,"High AD-like perturbation, spatially shuffled",1.0,11,2Hz,60.0,0.02,0.5,expanded_bilateral,semantic_expanded,episodic_expanded,functional_connectivity,Fisher-z difference,-1.9770038738335312,-2.0335972452223756,0.05659337138884446
spatial_shuffle_35,shuffle_35,"High AD-like perturbation, spatially shuffled",1.0,11,2Hz,60.0,0.02,0.5,expanded_bilateral,semantic_expanded,episodic_expanded,functional_connectivity,Fisher-z difference,-2.0096183481814345,-2.105324715357291,0.09570636717585668
spatial_shuffle_36,shuffle_36,"High AD-like perturbation, spatially shuffled",1.0,11,2Hz,60.0,0.02,0.5,expanded_bilateral,semantic_expanded,episodic_expanded,functional_connectivity,Fisher-z difference,-2.048535950404279,-2.16256089127585,0.114024940871571
spatial_shuffle_37,shuffle_37,"High AD-like perturbation, spatially shuffled",1.0,11,2Hz,60.0,0.02,0.5,expanded_bilateral,semantic_expanded,episodic_expanded,functional_connectivity,Fisher-z difference,-2.113889985698241,-2.1761828419271145,0.06229285622887337
spatial_shuffle_38,shuffle_38,"High AD-like perturbation, spatially shuffled",1.0,11,2Hz,60.0,0.02,0.5,expanded_bilateral,semantic_expanded,episodic_expanded,functional_connectivity,Fisher-z difference,-2.058247403121704,-2.0750970736569734,0.0168496705352692
spatial_shuffle_39,shuffle_39,"High AD-like perturbation, spatially shuffled",1.0,11,2Hz,60.0,0.02,0.5,expanded_bilateral,semantic_expanded,episodic_expanded,functional_connectivity,Fisher-z difference,-2.1371380127677693,-2.129310471788007,-0.007827540979762126
spatial_shuffle_40,shuffle_40,"High AD-like perturbation, spatially shuffled",1.0,11,2Hz,60.0,0.02,0.5,expanded_bilateral,semantic_expanded,episodic_expanded,functional_connectivity,Fisher-z difference,-2.08822589901129,-2.0725497751562068,-0.0156761238550831
spatial_shuffle_41,shuffle_41,"High AD-like perturbation, spatially shuffled",1.0,11,2Hz,60.0,0.02,0.5,expanded_bilateral,semantic_expanded,episodic_expanded,functional_connectivity,Fisher-z difference,-2.064249296135853,-2.1630289229014172,0.09877962676556429
spatial_shuffle_42,shuffle_42,"High AD-like perturbation, spatially shuffled",1.0,11,2Hz,60.0,0.02,0.5,expanded_bilateral,semantic_expanded,episodic_expanded,functional_connectivity,Fisher-z difference,-2.1075106664412617,-2.190675159657721,0.08316449321645925
spatial_shuffle_43,shuffle_43,"High AD-like perturbation, spatially shuffled",1.0,11,2Hz,60.0,0.02,0.5,expanded_bilateral,semantic_expanded,episodic_expanded,functional_connectivity,Fisher-z difference,-2.164586330478724,-2.1149928529074713,-0.04959347757125254
spatial_shuffle_44,shuffle_44,"High AD-like perturbation, spatially shuffled",1.0,11,2Hz,60.0,0.02,0.5,expanded_bilateral,semantic_expanded,episodic_expanded,functional_connectivity,Fisher-z difference,-2.1162948389088303,-2.191771639131953,0.07547680022312253
spatial_shuffle_45,shuffle_45,"High AD-like perturbation, spatially shuffled",1.0,11,2Hz,60.0,0.02,0.5,expanded_bilateral,semantic_expanded,episodic_expanded,functional_connectivity,Fisher-z difference,-1.8684561760782876,-2.079962142693005,0.21150596661471743
spatial_shuffle_46,shuffle_46,"High AD-like perturbation, spatially shuffled",1.0,11,2Hz,60.0,0.02,0.5,expanded_bilateral,semantic_expanded,episodic_expanded,functional_connectivity,Fisher-z difference,-1.991757062373402,-2.0925757651422208,0.10081870276881877
spatial_shuffle_47,shuffle_47,"High AD-like perturbation, spatially shuffled",1.0,11,2Hz,60.0,0.02,0.5,expanded_bilateral,semantic_expanded,episodic_expanded,functional_connectivity,Fisher-z difference,-1.9955518710012665,-2.0695998813866594,0.07404801038539288
spatial_shuffle_48,shuffle_48,"High AD-like perturbation, spatially shuffled",1.0,11,2Hz,60.0,0.02,0.5,expanded_bilateral,semantic_expanded,episodic_expanded,functional_connectivity,Fisher-z difference,-2.117715590061132,-2.1945401927037533,0.07682460264262136
spatial_shuffle_49,shuffle_49,"High AD-like perturbation, spatially shuffled",1.0,11,2Hz,60.0,0.02,0.5,expanded_bilateral,semantic_expanded,episodic_expanded,functional_connectivity,Fisher-z difference,-2.106462613410376,-2.060261056563511,-0.046201556846865
spatial_shuffle_50,shuffle_50,"High AD-like perturbation, spatially shuffled",1.0,11,2Hz,60.0,0.02,0.5,expanded_bilateral,semantic_expanded,episodic_expanded,functional_connectivity,Fisher-z difference,-2.0173522089998075,-1.9461211947946917,-0.0712310142051158
spatial_shuffle_01,shuffle_01,"High AD-like perturbation, spatially shuffled",1.0,11,5Hz,60.0,0.02,0.5,expanded_bilateral,semantic_expanded,episodic_expanded,functional_connectivity,Fisher-z difference,-1.290869373171864,-1.3903045845712325,0.09943521139936862
spatial_shuffle_02,shuffle_02,"High AD-like perturbation, spatially shuffled",1.0,11,5Hz,60.0,0.02,0.5,expanded_bilateral,semantic_expanded,episodic_expanded,functional_connectivity,Fisher-z difference,-1.2847654186551924,-1.3653687560859724,0.08060333743077996
spatial_shuffle_03,shuffle_03,"High AD-like perturbation, spatially shuffled",1.0,11,5Hz,60.0,0.02,0.5,expanded_bilateral,semantic_expanded,episodic_expanded,functional_connectivity,Fisher-z difference,-1.2193463457859375,-1.1911175422328633,-0.028228803553074222
spatial_shuffle_04,shuffle_04,"High AD-like perturbation, spatially shuffled",1.0,11,5Hz,60.0,0.02,0.5,expanded_bilateral,semantic_expanded,episodic_expanded,functional_connectivity,Fisher-z difference,-1.2199338836700329,-1.2956974225167814,0.07576353884674858
spatial_shuffle_05,shuffle_05,"High AD-like perturbation, spatially shuffled",1.0,11,5Hz,60.0,0.02,0.5,expanded_bilateral,semantic_expanded,episodic_expanded,functional_connectivity,Fisher-z difference,-1.2040185311076008,-1.1931058256875646,-0.010912705420036195
spatial_shuffle_06,shuffle_06,"High AD-like perturbation, spatially shuffled",1.0,11,5Hz,60.0,0.02,0.5,expanded_bilateral,semantic_expanded,episodic_expanded,functional_connectivity,Fisher-z difference,-1.2707471980920435,-1.1495941952527748,-0.12115300283926866
spatial_shuffle_07,shuffle_07,"High AD-like perturbation, spatially shuffled",1.0,11,5Hz,60.0,0.02,0.5,expanded_bilateral,semantic_expanded,episodic_expanded,functional_connectivity,Fisher-z difference,-1.2222975723954146,-1.2912745223369924,0.06897694994157777
spatial_shuffle_08,shuffle_08,"High AD-like perturbation, spatially shuffled",1.0,11,5Hz,60.0,0.02,0.5,expanded_bilateral,semantic_expanded,episodic_expanded,functional_connectivity,Fisher-z difference,-1.2924840791759875,-1.4113967147676898,0.11891263559170229
spatial_shuffle_09,shuffle_09,"High AD-like perturbation, spatially shuffled",1.0,11,5Hz,60.0,0.02,0.5,expanded_bilateral,semantic_expanded,episodic_expanded,functional_connectivity,Fisher-z difference,-1.2729115442220484,-1.3579354105245958,0.08502386630254732
spatial_shuffle_10,shuffle_10,"High AD-like perturbation, spatially shuffled",1.0,11,5Hz,60.0,0.02,0.5,expanded_bilateral,semantic_expanded,episodic_expanded,functional_connectivity,Fisher-z difference,-1.2897156870817459,-1.3669723363644406,0.07725664928269471
spatial_shuffle_11,shuffle_11,"High AD-like perturbation, spatially shuffled",1.0,11,5Hz,60.0,0.02,0.5,expanded_bilateral,semantic_expanded,episodic_expanded,functional_connectivity,Fisher-z difference,-1.1744188508242437,-1.3304090223604421,0.15599017153619843
spatial_shuffle_12,shuffle_12,"High AD-like perturbation, spatially shuffled",1.0,11,5Hz,60.0,0.02,0.5,expanded_bilateral,semantic_expanded,episodic_expanded,functional_connectivity,Fisher-z difference,-1.2758702781897158,-1.3821109030363343,0.10624062484661856
spatial_shuffle_13,shuffle_13,"High AD-like perturbation, spatially shuffled",1.0,11,5Hz,60.0,0.02,0.5,expanded_bilateral,semantic_expanded,episodic_expanded,functional_connectivity,Fisher-z difference,-1.1801621035471195,-1.3213340623149608,0.14117195876784128
spatial_shuffle_14,shuffle_14,"High AD-like perturbation, spatially shuffled",1.0,11,5Hz,60.0,0.02,0.5,expanded_bilateral,semantic_expanded,episodic_expanded,functional_connectivity,Fisher-z difference,-1.1647465441978468,-1.2341517682852665,0.06940522408741967
spatial_shuffle_15,shuffle_15,"High AD-like perturbation, spatially shuffled",1.0,11,5Hz,60.0,0.02,0.5,expanded_bilateral,semantic_expanded,episodic_expanded,functional_connectivity,Fisher-z difference,-1.1928638648099583,-1.228870535436246,0.036006670626287596
spatial_shuffle_16,shuffle_16,"High AD-like perturbation, spatially shuffled",1.0,11,5Hz,60.0,0.02,0.5,expanded_bilateral,semantic_expanded,episodic_expanded,functional_connectivity,Fisher-z difference,-1.2208963255155425,-1.3449654892672704,0.12406916375172794
spatial_shuffle_17,shuffle_17,"High AD-like perturbation, spatially shuffled",1.0,11,5Hz,60.0,0.02,0.5,expanded_bilateral,semantic_expanded,episodic_expanded,functional_connectivity,Fisher-z difference,-0.9990400357551359,-1.0432396746918153,0.04419963893667944
spatial_shuffle_18,shuffle_18,"High AD-like perturbation, spatially shuffled",1.0,11,5Hz,60.0,0.02,0.5,expanded_bilateral,semantic_expanded,episodic_expanded,functional_connectivity,Fisher-z difference,-1.1166958213336315,-1.2389522020950576,0.12225638076142609
spatial_shuffle_19,shuffle_19,"High AD-like perturbation, spatially shuffled",1.0,11,5Hz,60.0,0.02,0.5,expanded_bilateral,semantic_expanded,episodic_expanded,functional_connectivity,Fisher-z difference,-1.2687876742608117,-1.3738522453416326,0.1050645710808209
spatial_shuffle_20,shuffle_20,"High AD-like perturbation, spatially shuffled",1.0,11,5Hz,60.0,0.02,0.5,expanded_bilateral,semantic_expanded,episodic_expanded,functional_connectivity,Fisher-z difference,-1.2114087585417392,-1.2704312845458,0.05902252600406066
spatial_shuffle_21,shuffle_21,"High AD-like perturbation, spatially shuffled",1.0,11,5Hz,60.0,0.02,0.5,expanded_bilateral,semantic_expanded,episodic_expanded,functional_connectivity,Fisher-z difference,-1.2761353456910431,-1.3641925282677263,0.08805718257668316
spatial_shuffle_22,shuffle_22,"High AD-like perturbation, spatially shuffled",1.0,11,5Hz,60.0,0.02,0.5,expanded_bilateral,semantic_expanded,episodic_expanded,functional_connectivity,Fisher-z difference,-1.2289210021164982,-1.3529283877658218,0.12400738564932356
spatial_shuffle_23,shuffle_23,"High AD-like perturbation, spatially shuffled",1.0,11,5Hz,60.0,0.02,0.5,expanded_bilateral,semantic_expanded,episodic_expanded,functional_connectivity,Fisher-z difference,-1.1749849510997774,-1.2948142541028533,0.11982930300307593
spatial_shuffle_24,shuffle_24,"High AD-like perturbation, spatially shuffled",1.0,11,5Hz,60.0,0.02,0.5,expanded_bilateral,semantic_expanded,episodic_expanded,functional_connectivity,Fisher-z difference,-1.2193975269084192,-1.249631211806729,0.0302336848983098
spatial_shuffle_25,shuffle_25,"High AD-like perturbation, spatially shuffled",1.0,11,5Hz,60.0,0.02,0.5,expanded_bilateral,semantic_expanded,episodic_expanded,functional_connectivity,Fisher-z difference,-1.3216734961120413,-1.261098519468121,-0.06057497664392031
spatial_shuffle_26,shuffle_26,"High AD-like perturbation, spatially shuffled",1.0,11,5Hz,60.0,0.02,0.5,expanded_bilateral,semantic_expanded,episodic_expanded,functional_connectivity,Fisher-z difference,-1.2661460386497985,-1.313406931625761,0.04726089297596259
spatial_shuffle_27,shuffle_27,"High AD-like perturbation, spatially shuffled",1.0,11,5Hz,60.0,0.02,0.5,expanded_bilateral,semantic_expanded,episodic_expanded,functional_connectivity,Fisher-z difference,-1.3013295933053788,-1.3541445675387862,0.05281497423340742
spatial_shuffle_28,shuffle_28,"High AD-like perturbation, spatially shuffled",1.0,11,5Hz,60.0,0.02,0.5,expanded_bilateral,semantic_expanded,episodic_expanded,functional_connectivity,Fisher-z difference,-1.2775176782288085,-1.3562896485779892,0.07877197034918071
spatial_shuffle_29,shuffle_29,"High AD-like perturbation, spatially shuffled",1.0,11,5Hz,60.0,0.02,0.5,expanded_bilateral,semantic_expanded,episodic_expanded,functional_connectivity,Fisher-z difference,-1.0535741004254378,-1.1209881285046357,0.06741402807919794
spatial_shuffle_30,shuffle_30,"High AD-like perturbation, spatially shuffled",1.0,11,5Hz,60.0,0.02,0.5,expanded_bilateral,semantic_expanded,episodic_expanded,functional_connectivity,Fisher-z difference,-1.2127550178933515,-1.2986978090177106,0.0859427911243591
spatial_shuffle_31,shuffle_31,"High AD-like perturbation, spatially shuffled",1.0,11,5Hz,60.0,0.02,0.5,expanded_bilateral,semantic_expanded,episodic_expanded,functional_connectivity,Fisher-z difference,-1.2648519174046653,-1.3510125489314522,0.08616063152678688
spatial_shuffle_32,shuffle_32,"High AD-like perturbation, spatially shuffled",1.0,11,5Hz,60.0,0.02,0.5,expanded_bilateral,semantic_expanded,episodic_expanded,functional_connectivity,Fisher-z difference,-1.1556891110310687,-1.1153365727283895,-0.040352538302679264
spatial_shuffle_33,shuffle_33,"High AD-like perturbation, spatially shuffled",1.0,11,5Hz,60.0,0.02,0.5,expanded_bilateral,semantic_expanded,episodic_expanded,functional_connectivity,Fisher-z difference,-1.2669997165650568,-1.3503639117965383,0.08336419523148142
spatial_shuffle_34,shuffle_34,"High AD-like perturbation, spatially shuffled",1.0,11,5Hz,60.0,0.02,0.5,expanded_bilateral,semantic_expanded,episodic_expanded,functional_connectivity,Fisher-z difference,-1.185332835503579,-1.2614313633449354,0.0760985278413564
spatial_shuffle_35,shuffle_35,"High AD-like perturbation, spatially shuffled",1.0,11,5Hz,60.0,0.02,0.5,expanded_bilateral,semantic_expanded,episodic_expanded,functional_connectivity,Fisher-z difference,-1.1970841947394708,-1.308158405563086,0.11107421082361513
spatial_shuffle_36,shuffle_36,"High AD-like perturbation, spatially shuffled",1.0,11,5Hz,60.0,0.02,0.5,expanded_bilateral,semantic_expanded,episodic_expanded,functional_connectivity,Fisher-z difference,-1.2219304822415649,-1.3096400005580087,0.0877095183164438
spatial_shuffle_37,shuffle_37,"High AD-like perturbation, spatially shuffled",1.0,11,5Hz,60.0,0.02,0.5,expanded_bilateral,semantic_expanded,episodic_expanded,functional_connectivity,Fisher-z difference,-1.3590731007311965,-1.4224727116431781,0.06339961091198165
spatial_shuffle_38,shuffle_38,"High AD-like perturbation, spatially shuffled",1.0,11,5Hz,60.0,0.02,0.5,expanded_bilateral,semantic_expanded,episodic_expanded,functional_connectivity,Fisher-z difference,-1.2171264400083184,-1.2686165912038945,0.051490151195576095
spatial_shuffle_39,shuffle_39,"High AD-like perturbation, spatially shuffled",1.0,11,5Hz,60.0,0.02,0.5,expanded_bilateral,semantic_expanded,episodic_expanded,functional_connectivity,Fisher-z difference,-1.286773818531443,-1.2915002973166967,0.004726478785253674
spatial_shuffle_40,shuffle_40,"High AD-like perturbation, spatially shuffled",1.0,11,5Hz,60.0,0.02,0.5,expanded_bilateral,semantic_expanded,episodic_expanded,functional_connectivity,Fisher-z difference,-1.2761838537595378,-1.2775842019492367,0.001400348189698919
spatial_shuffle_41,shuffle_41,"High AD-like perturbation, spatially shuffled",1.0,11,5Hz,60.0,0.02,0.5,expanded_bilateral,semantic_expanded,episodic_expanded,functional_connectivity,Fisher-z difference,-1.244015006866776,-1.3510065440082613,0.10699153714148535
spatial_shuffle_42,shuffle_42,"High AD-like perturbation, spatially shuffled",1.0,11,5Hz,60.0,0.02,0.5,expanded_bilateral,semantic_expanded,episodic_expanded,functional_connectivity,Fisher-z difference,-1.2652694117656609,-1.3414674370600128,0.07619802529435193
spatial_shuffle_43,shuffle_43,"High AD-like perturbation, spatially shuffled",1.0,11,5Hz,60.0,0.02,0.5,expanded_bilateral,semantic_expanded,episodic_expanded,functional_connectivity,Fisher-z difference,-1.3002808294229307,-1.252246040898018,-0.04803478852491261
spatial_shuffle_44,shuffle_44,"High AD-like perturbation, spatially shuffled",1.0,11,5Hz,60.0,0.02,0.5,expanded_bilateral,semantic_expanded,episodic_expanded,functional_connectivity,Fisher-z difference,-1.242364180457616,-1.345831349117394,0.10346716865977812
spatial_shuffle_45,shuffle_45,"High AD-like perturbation, spatially shuffled",1.0,11,5Hz,60.0,0.02,0.5,expanded_bilateral,semantic_expanded,episodic_expanded,functional_connectivity,Fisher-z difference,-1.045367811446897,-1.2766533746944948,0.23128556324759786
spatial_shuffle_46,shuffle_46,"High AD-like perturbation, spatially shuffled",1.0,11,5Hz,60.0,0.02,0.5,expanded_bilateral,semantic_expanded,episodic_expanded,functional_connectivity,Fisher-z difference,-1.1953473137517074,-1.2871507419942956,0.09180342824258814
spatial_shuffle_47,shuffle_47,"High AD-like perturbation, spatially shuffled",1.0,11,5Hz,60.0,0.02,0.5,expanded_bilateral,semantic_expanded,episodic_expanded,functional_connectivity,Fisher-z difference,-1.1926101479468305,-1.2609817900493296,0.06837164210249913
spatial_shuffle_48,shuffle_48,"High AD-like perturbation, spatially shuffled",1.0,11,5Hz,60.0,0.02,0.5,expanded_bilateral,semantic_expanded,episodic_expanded,functional_connectivity,Fisher-z difference,-1.2747921836748413,-1.326013520109128,0.051221336434286835
spatial_shuffle_49,shuffle_49,"High AD-like perturbation, spatially shuffled",1.0,11,5Hz,60.0,0.02,0.5,expanded_bilateral,semantic_expanded,episodic_expanded,functional_connectivity,Fisher-z difference,-1.2666734108218107,-1.2591210915364623,-0.007552319285348386
spatial_shuffle_50,shuffle_50,"High AD-like perturbation, spatially shuffled",1.0,11,5Hz,60.0,0.02,0.5,expanded_bilateral,semantic_expanded,episodic_expanded,functional_connectivity,Fisher-z difference,-1.1912150209273327,-1.165168225717153,-0.02604679521017972
