severity,severity_label,seed,network,fixed_parcel_count,t20_ms,relative_t20_ms,t50_ms,relative_t50_ms,t80_ms,relative_t80_ms,absolute_peak_after_onset_ms,relative_absolute_peak_after_onset_ms,spread_t80_t20_ms,total_energy_psp2_ms,tail_energy_fraction,absolute_peak_psp
0.0,0.0,11,Semantic proxy,4,232.0,206.0,371.0,325.0,552.5,387.5,323.0,295.0,320.5,4.0829697617367267e-05,3.203993906224086e-08,0.00040820133790875346
0.5,0.5,11,Semantic proxy,4,2698.5,2670.5,2857.5,2753.5,3134.0,2932.0,2740.5,2712.5,435.5,0.2364026589720135,0.09936245365864818,0.03126480636531692
1.0,1.0,11,Semantic proxy,4,883.5,852.5,1535.5,1399.5,2341.5,2061.5,1209.5,1181.5,1458.0,0.0003236954561798124,0.04051208915076135,0.0010249596735318889
0.0,0.0,23,Semantic proxy,10,203.0,177.0,365.0,319.0,575.0,410.0,282.0,254.0,343.0,4.549938825413569e-05,3.659644220391781e-08,0.0004353311779341951
0.5,0.5,23,Semantic proxy,10,346.0,318.0,601.0,497.0,3116.0,2914.0,1768.0,1740.0,2633.0,0.00045914792208099774,0.1096705641715259,0.001180117164019201
1.0,1.0,23,Semantic proxy,10,403.0,372.0,1166.0,1031.0,1752.0,1472.0,506.0,478.0,1448.0,0.0008235920362687322,0.024008629539023166,0.001196185257313065
0.0,0.0,37,Semantic proxy,11,211.0,185.0,367.0,321.0,574.0,409.0,292.0,264.0,336.0,4.3826303415892546e-05,3.471182918950046e-08,0.0004272705953555149
0.5,0.5,37,Semantic proxy,11,1595.5,1567.5,2207.0,2103.0,2928.5,2726.5,2142.0,2114.0,1448.0,0.03109085616563391,0.086235498770793,0.004972263713542387
1.0,1.0,37,Semantic proxy,11,516.0,485.0,1029.0,894.0,2175.0,1895.0,784.0,756.0,1597.0,0.0006392836105595049,0.036472090444532264,0.001049099266933832
0.0,0.0,53,Semantic proxy,9,211.0,185.0,367.0,321.0,574.0,409.0,292.0,264.0,336.0,4.228185693373575e-05,3.461500934652425e-08,0.0004234395146891501
0.5,0.5,53,Semantic proxy,9,267.5,239.5,433.5,329.5,675.0,473.0,373.5,345.5,407.5,0.00018006680455228487,0.01543596812260982,0.000734060717718273
1.0,1.0,53,Semantic proxy,9,516.0,485.0,1088.0,952.0,1788.5,1508.5,872.5,844.5,1166.5,0.0007544981253577946,0.03746331355189329,0.001151447453834405
0.0,0.0,71,Semantic proxy,10,219.0,193.0,369.0,323.0,575.0,410.0,302.0,274.0,343.0,4.1676877375181e-05,3.7774056255271295e-08,0.0004116855719349388
0.5,0.5,71,Semantic proxy,10,2612.0,2584.0,2921.0,2817.0,3098.0,2896.0,2958.0,2930.0,483.0,0.05177222200674876,0.09356793097447091,0.013226880337257363
1.0,1.0,71,Semantic proxy,10,552.0,521.0,1231.0,1095.0,1863.0,1583.0,601.0,573.0,1267.0,0.0008906652882006814,0.03632822611250827,0.0013010618831421185
0.0,0.0,89,Semantic proxy,11,211.0,185.0,367.0,321.0,574.0,409.0,292.0,264.0,336.0,4.382662108615622e-05,3.425230535226536e-08,0.0004272693099709457
0.5,0.5,89,Semantic proxy,11,303.0,275.0,708.0,604.0,1583.5,1381.5,345.5,317.5,805.5,0.00018672970771457564,0.019192365459008338,0.0007461296993536888
1.0,1.0,89,Semantic proxy,11,384.0,353.0,870.5,735.5,1624.5,1344.5,711.0,683.0,1169.5,0.0005701341838637587,0.020535931332616338,0.0010217910534585132
0.0,0.0,107,Semantic proxy,2,189.0,163.0,317.0,271.0,487.0,322.0,278.0,250.0,298.0,5.798152422614367e-05,2.3611556732869513e-08,0.0005070710138506129
0.5,0.5,107,Semantic proxy,2,2046.0,2018.0,2783.0,2679.0,3091.0,2890.0,2961.0,2933.0,1045.0,0.012404953141214677,0.073347043676626,0.007186623242326107
1.0,1.0,107,Semantic proxy,2,406.0,375.0,1602.0,1467.0,2271.0,1991.0,1727.0,1699.0,1865.0,0.0002632022672337202,0.05170352336668514,0.0010380399645875116
0.0,0.0,127,Semantic proxy,12,220.5,194.5,377.0,331.0,575.5,410.5,303.0,275.0,338.5,4.346267634221639e-05,3.603800028841441e-08,0.0004239222085013298
0.5,0.5,127,Semantic proxy,12,757.5,729.5,1438.0,1334.0,2943.5,2742.5,1054.5,1026.5,2176.5,0.0006722302266171243,0.02978118470428663,0.0012396897229018933
1.0,1.0,127,Semantic proxy,12,417.5,386.5,944.0,808.0,1760.0,1480.0,693.0,665.0,1242.5,0.0007349565300940857,0.022227942524908513,0.0011677807054912095
0.0,0.0,149,Semantic proxy,6,190.5,164.5,334.0,288.0,523.5,358.5,269.5,241.5,328.5,4.6100723525346016e-05,3.482450102464794e-08,0.00044781793039372353
0.5,0.5,149,Semantic proxy,6,271.0,243.0,441.5,337.5,1103.5,902.5,353.0,325.0,754.5,0.00022883964913208643,0.08735826880045078,0.0008284613739708568
1.0,1.0,149,Semantic proxy,6,538.5,507.5,1000.5,864.5,1744.5,1464.5,827.5,799.5,1059.5,0.0010755035457781954,0.01466653243308008,0.001492095207531463
0.0,0.0,173,Semantic proxy,0,,,,,,,,,,,,
0.5,0.5,173,Semantic proxy,0,,,,,,,,,,,,
1.0,1.0,173,Semantic proxy,0,,,,,,,,,,,,
0.0,0.0,197,Semantic proxy,11,211.0,185.0,367.0,321.0,574.0,409.0,292.0,264.0,336.0,4.383066034423984e-05,3.2847001968093106e-08,0.00042728785880621347
0.5,0.5,197,Semantic proxy,11,1474.5,1446.5,2287.5,2183.5,2741.0,2540.0,2272.5,2244.5,1379.5,0.0021211143230389336,0.034994590581950334,0.0022497391107512733
1.0,1.0,197,Semantic proxy,11,411.5,380.5,935.0,799.0,1817.5,1537.5,640.0,612.0,1333.5,0.0006517426085375381,0.03396843254894484,0.001126348256920906
0.0,0.0,223,Semantic proxy,3,242.0,216.0,379.0,333.0,569.0,404.0,333.5,305.5,327.0,3.722967048852524e-05,3.109648421873167e-08,0.00038084649366076917
0.5,0.5,223,Semantic proxy,3,2878.5,2850.5,3016.5,2912.5,3154.5,2952.5,3004.0,2976.0,276.0,0.09254064383798435,0.08410954533451638,0.01880327657341674
1.0,1.0,223,Semantic proxy,3,341.5,310.5,771.0,635.0,1308.5,1028.5,515.0,487.0,967.0,0.00020222174594427338,0.014337400373697995,0.0006389230019339109
0.0,0.0,251,Semantic proxy,2,275.0,249.0,425.0,379.0,618.0,453.0,368.0,340.0,343.0,2.3685213566870935e-05,4.0140152644481214e-08,0.0003093651072791914
0.5,0.5,251,Semantic proxy,2,2862.0,2834.0,3009.0,2905.0,3171.0,2968.0,3012.0,2984.0,309.0,0.09977596468217459,0.08254894730234498,0.022869496423432167
1.0,1.0,251,Semantic proxy,2,848.0,817.0,1410.0,1274.0,2299.0,2019.0,1038.0,1010.0,1451.0,0.0005081462273214357,0.06946458000040139,0.0010464330526858134
0.0,0.0,281,Semantic proxy,12,220.5,194.5,377.0,331.0,575.5,410.5,303.0,275.0,338.5,4.346135479057204e-05,3.646371715713055e-08,0.00042391897972215986
0.5,0.5,281,Semantic proxy,12,389.5,361.5,840.5,736.5,1372.0,1170.0,1072.0,1044.0,818.5,0.00023439614868493643,0.02770210505442299,0.0007722284949733076
1.0,1.0,281,Semantic proxy,12,438.0,407.0,1089.0,954.0,1956.5,1676.5,796.5,768.5,1337.0,0.0011012939342525774,0.013608949646715291,0.001203349555175833
0.0,0.0,313,Semantic proxy,12,220.5,194.5,377.0,331.0,575.5,410.5,303.0,275.0,338.5,4.346115475644127e-05,3.6631517123399176e-08,0.0004239188955383888
0.5,0.5,313,Semantic proxy,12,563.5,535.5,1005.5,901.5,1696.5,1494.5,897.0,869.0,1062.0,0.0003717075892600408,0.018909737832479467,0.0010237054529695182
1.0,1.0,313,Semantic proxy,12,450.0,419.0,1007.5,871.5,1739.0,1459.0,802.5,774.5,1301.5,0.0007132177432938353,0.030099897834975926,0.0011759384764239065
0.0,0.0,347,Semantic proxy,11,211.0,185.0,367.0,321.0,574.0,409.0,292.0,264.0,336.0,4.382414593656689e-05,3.5971624850598994e-08,0.0004272618257445219
0.5,0.5,347,Semantic proxy,11,574.0,546.0,1330.5,1226.5,2418.0,2215.0,1237.0,1209.0,1414.0,0.0002864107980252915,0.02761846461191446,0.0008938360665749674
1.0,1.0,347,Semantic proxy,11,385.0,354.0,805.0,669.0,1550.0,1270.0,694.5,666.5,1132.0,0.0005407144121355377,0.025806261768726982,0.0009991321329329672
0.0,0.0,383,Semantic proxy,10,203.0,177.0,365.0,319.0,573.0,408.0,282.0,254.0,334.0,4.505979711488357e-05,3.583659334754568e-08,0.0004345764765899318
0.5,0.5,383,Semantic proxy,10,413.0,385.0,879.0,775.0,1103.0,900.0,900.0,872.0,650.0,0.0002585769968257665,0.026704110686477732,0.0008812726331104415
1.0,1.0,383,Semantic proxy,10,355.0,324.0,795.0,659.0,1770.0,1490.0,553.0,525.0,1308.0,0.0005659341782096429,0.037835112939786725,0.0009937115849404598
0.0,0.0,421,Semantic proxy,10,206.5,180.5,354.0,308.0,550.0,385.0,291.0,263.0,335.0,4.717965664135639e-05,3.450790252885092e-08,0.00044463313587820663
0.5,0.5,421,Semantic proxy,10,296.5,268.5,474.5,370.5,750.5,549.5,353.5,325.5,454.0,0.00022225957548519966,0.03479151895568795,0.0008025313202727109
1.0,1.0,421,Semantic proxy,10,432.0,401.0,1107.0,971.0,1749.0,1469.0,599.5,571.5,1149.5,0.0008982126606315358,0.025717954259010824,0.0013464396671819165
0.0,0.0,461,Semantic proxy,0,,,,,,,,,,,,
0.5,0.5,461,Semantic proxy,0,,,,,,,,,,,,
1.0,1.0,461,Semantic proxy,0,,,,,,,,,,,,
0.0,0.0,503,Semantic proxy,12,220.5,194.5,377.0,331.0,575.5,410.5,303.0,275.0,338.5,4.3462929950854026e-05,3.5415563245049504e-08,0.0004239231530305254
0.5,0.5,503,Semantic proxy,12,304.5,276.5,688.0,584.0,1174.5,973.5,361.5,333.5,743.0,0.0002127214873374672,0.027435152482981916,0.000752063194767209
1.0,1.0,503,Semantic proxy,12,412.5,381.5,1044.0,908.0,2017.5,1737.5,524.0,496.0,1572.0,0.0010528473541241516,0.024925539032101342,0.00123397005329721
0.0,0.0,11,Episodic proxy,0,,,,,,,,,,,,
0.5,0.5,11,Episodic proxy,0,,,,,,,,,,,,
1.0,1.0,11,Episodic proxy,0,,,,,,,,,,,,
0.0,0.0,23,Episodic proxy,14,178.0,152.0,311.0,265.0,472.0,307.0,258.0,230.0,293.0,8.084907359711912e-05,2.3264260066056522e-08,0.0006238557277027062
0.5,0.5,23,Episodic proxy,14,239.0,211.0,410.0,306.0,3079.0,2877.0,291.0,263.0,2843.0,0.00028396018109325534,0.09537763610066322,0.001027319900068007
1.0,1.0,23,Episodic proxy,14,415.0,384.0,692.0,557.0,1204.0,924.0,489.0,461.0,816.0,0.00749653389688342,0.031703559654243846,0.0025272827947308485
0.0,0.0,37,Episodic proxy,18,178.5,152.5,311.5,265.5,472.5,307.5,258.0,230.0,294.0,8.458961850027152e-05,2.406238843290852e-08,0.0006333351057995262
0.5,0.5,37,Episodic proxy,18,369.0,341.0,2066.5,1962.5,2647.5,2445.5,2038.5,2010.5,2207.0,0.0013504939483870017,0.07606569870243107,0.001777721839151769
1.0,1.0,37,Episodic proxy,18,359.5,328.5,634.5,499.5,1627.5,1347.5,441.5,413.5,1207.0,0.007881329506833823,0.037004124824721346,0.0025036315831089783
0.0,0.0,53,Episodic proxy,17,172.5,146.5,303.5,257.5,463.5,298.5,248.0,220.0,294.0,8.229486246259033e-05,2.3215995106189975e-08,0.0006275774024181732
0.5,0.5,53,Episodic proxy,17,180.5,152.5,324.0,220.0,482.0,280.0,240.5,212.5,283.0,0.0002045592259068541,0.01872222593393526,0.0009795502785537964
1.0,1.0,53,Episodic proxy,17,313.0,282.0,508.0,372.0,867.0,587.0,409.0,381.0,602.0,0.0026560380694642645,0.017397698041803716,0.0019836174780972866
0.0,0.0,71,Episodic proxy,13,165.5,139.5,295.0,249.0,454.0,289.0,237.5,209.5,291.0,8.371104652244352e-05,2.4602844923157577e-08,0.0006308148791589474
0.5,0.5,71,Episodic proxy,13,2570.5,2542.5,2907.0,2803.0,3044.0,2842.0,2958.5,2930.5,478.5,0.015813659785348055,0.09733212799107047,0.008835483057856667
1.0,1.0,71,Episodic proxy,13,377.5,346.5,646.5,510.5,1267.0,987.0,464.0,436.0,903.0,0.004456339676805714,0.02294309812348224,0.0023293120486385733
0.0,0.0,89,Episodic proxy,18,178.0,152.0,311.0,265.0,473.0,308.0,258.0,230.0,295.0,8.032739084296722e-05,2.3618899794799257e-08,0.0006180324897274325
0.5,0.5,89,Episodic proxy,18,180.0,152.0,302.0,198.0,498.0,296.0,241.0,213.0,282.0,0.00019180309095320145,0.00557743975708372,0.0009678244130910299
1.0,1.0,89,Episodic proxy,18,308.0,277.0,531.0,396.0,1113.0,833.0,409.0,381.0,788.0,0.003931682625094184,0.015490545673044375,0.0020671190821896423
0.0,0.0,107,Episodic proxy,0,,,,,,,,,,,,
0.5,0.5,107,Episodic proxy,0,,,,,,,,,,,,
1.0,1.0,107,Episodic proxy,0,,,,,,,,,,,,
0.0,0.0,127,Episodic proxy,15,172.5,146.5,304.0,258.0,463.5,298.5,248.0,220.0,294.0,8.414420862722205e-05,2.4116590303401853e-08,0.0006328638221804977
0.5,0.5,127,Episodic proxy,15,234.0,206.0,506.0,402.0,2775.5,2574.5,239.5,211.5,2552.0,0.00032737495066174655,0.006503990007686064,0.0009962224462886082
1.0,1.0,127,Episodic proxy,15,338.0,307.0,585.5,449.5,1252.5,972.5,409.0,381.0,870.5,0.00406979543822583,0.016165564476474426,0.002161200774587908
0.0,0.0,149,Episodic proxy,12,178.5,152.5,308.0,262.0,470.5,305.5,257.5,229.5,291.5,7.6487673389706e-05,2.2971427462792215e-08,0.00060867197905153
0.5,0.5,149,Episodic proxy,12,209.0,181.0,351.0,247.0,666.5,465.5,265.0,237.0,439.0,0.00021356323398669133,0.08510456591479867,0.0009493740951035019
1.0,1.0,149,Episodic proxy,12,352.0,321.0,574.0,438.0,960.5,680.5,448.0,420.0,608.0,0.0023289690562641923,0.00839958063348237,0.0018717907862737526
0.0,0.0,173,Episodic proxy,0,,,,,,,,,,,,
0.5,0.5,173,Episodic proxy,0,,,,,,,,,,,,
1.0,1.0,173,Episodic proxy,0,,,,,,,,,,,,
0.0,0.0,197,Episodic proxy,19,177.5,151.5,310.5,264.5,472.5,307.5,258.0,230.0,294.0,8.44444094747587e-05,2.2051566230572425e-08,0.0006348962675832848
0.5,0.5,197,Episodic proxy,19,320.0,292.0,2179.0,2075.0,2686.5,2485.5,775.0,747.0,2349.0,0.000724654245361169,0.031054400623693065,0.0013262264348387369
1.0,1.0,197,Episodic proxy,19,343.0,312.0,593.5,457.5,1273.5,993.5,431.0,403.0,960.0,0.004762581577685485,0.022994583959714442,0.0022634302395657564
0.0,0.0,223,Episodic proxy,4,180.0,154.0,314.0,268.0,492.0,327.0,259.0,231.0,314.0,6.237266407299003e-05,2.77507509803562e-08,0.000526955648006755
0.5,0.5,223,Episodic proxy,4,2933.0,2905.0,3098.0,2994.0,3248.0,3046.0,3092.0,3064.0,313.0,0.0883847335341226,0.11993992579947617,0.02440915276326757
1.0,1.0,223,Episodic proxy,4,255.0,224.0,524.0,388.0,1160.0,880.0,273.0,245.0,970.0,0.0017087898963534828,0.014979403309883229,0.0012853550378261562
0.0,0.0,251,Episodic proxy,1,192.0,166.0,320.0,274.0,486.0,320.0,278.0,250.0,294.0,6.46804061968084e-05,2.3631932117884895e-08,0.0005539330938493237
0.5,0.5,251,Episodic proxy,1,2898.0,2870.0,2968.0,2862.0,3178.0,2962.0,2966.0,2938.0,280.0,0.17391167838905203,0.018258659467190536,0.04066520619082503
1.0,1.0,251,Episodic proxy,1,60.0,28.0,332.0,190.0,1364.0,1060.0,48.0,20.0,1304.0,3.063291958227086e-05,0.0033003801766520436,0.0004945957423565517
0.0,0.0,281,Episodic proxy,16,167.0,141.0,297.0,251.0,454.0,289.0,238.0,210.0,293.0,8.354431286678745e-05,2.366648415678864e-08,0.0006329005659283005
0.5,0.5,281,Episodic proxy,16,183.0,155.0,308.0,204.0,479.0,277.0,241.0,213.0,296.0,0.00021561702225034667,0.0055399213362486086,0.0010049827341876893
1.0,1.0,281,Episodic proxy,16,380.0,349.0,733.0,598.0,1936.0,1656.0,409.0,381.0,1515.0,0.005632954974337892,0.020880906813458673,0.0023972837451665726
0.0,0.0,313,Episodic proxy,17,166.5,140.5,297.0,251.0,453.5,288.5,238.0,210.0,292.0,8.765121567207512e-05,2.3403726397798496e-08,0.0006497243931161566
0.5,0.5,313,Episodic proxy,17,203.0,175.0,334.5,230.5,629.0,427.0,241.0,213.0,412.5,0.00026297097066049665,0.011809250162566332,0.0010690026656186508
1.0,1.0,313,Episodic proxy,17,357.0,326.0,598.5,462.5,1098.0,818.0,431.0,403.0,681.0,0.005748243398264517,0.023486069848751588,0.002512941148986629
0.0,0.0,347,Episodic proxy,15,172.5,146.5,304.0,258.0,463.5,298.5,248.0,220.0,294.0,8.413947573427546e-05,2.489022429288228e-08,0.0006328524155157103
0.5,0.5,347,Episodic proxy,15,190.0,162.0,321.0,217.0,556.0,353.0,240.5,212.5,358.0,0.00022220981075212555,0.010061844235973165,0.0010058930194025864
1.0,1.0,347,Episodic proxy,15,314.0,283.0,533.0,397.0,963.5,683.5,409.0,381.0,619.0,0.003074245924182962,0.009679236816439913,0.001979207223815473
0.0,0.0,383,Episodic proxy,18,178.0,152.0,311.0,265.0,473.0,308.0,258.0,230.0,295.0,8.031966447453849e-05,2.4886222925939175e-08,0.0006180045849896335
0.5,0.5,383,Episodic proxy,18,215.0,187.0,346.0,242.0,537.0,334.0,283.0,255.0,322.0,0.0002626610493270098,0.013587067275808055,0.0010783124852921085
1.0,1.0,383,Episodic proxy,18,305.0,274.0,521.0,385.0,1049.0,769.0,409.0,381.0,735.0,0.002795745555407828,0.03645676823600356,0.0018918077416795577
0.0,0.0,421,Episodic proxy,17,172.5,146.5,304.0,258.0,463.5,298.5,248.0,220.0,294.0,8.229146276188746e-05,2.2994615761729697e-08,0.0006275639940741255
0.5,0.5,421,Episodic proxy,17,182.5,154.5,326.5,222.5,500.5,299.5,240.5,212.5,298.5,0.0002073732183625519,0.021187205220715988,0.0009802313478682657
1.0,1.0,421,Episodic proxy,17,314.0,283.0,514.5,378.5,915.5,635.5,409.0,381.0,605.5,0.0032659100020280708,0.016047405440820894,0.002037131386159758
0.0,0.0,461,Episodic proxy,0,,,,,,,,,,,,
0.5,0.5,461,Episodic proxy,0,,,,,,,,,,,,
1.0,1.0,461,Episodic proxy,0,,,,,,,,,,,,
0.0,0.0,503,Episodic proxy,17,172.5,146.5,304.0,258.0,463.5,298.5,248.0,220.0,294.0,8.22891718054339e-05,2.2971864872440033e-08,0.0006275564714327965
0.5,0.5,503,Episodic proxy,17,199.0,171.0,325.0,221.0,485.0,284.0,260.5,232.5,285.5,0.00021583723937529874,0.01373900689849238,0.000992237380125895
1.0,1.0,503,Episodic proxy,17,339.5,308.5,606.5,470.5,1439.0,1159.0,409.0,381.0,1134.5,0.0042431368024095535,0.01610527904193456,0.0021441279851561173
