severity,probe,network,segment,median_broadband_transfer,median_frequency_locked_transfer,median_target_locked_amplitude,median_ipsilateral_a1_locked_amplitude,median_segment_fit_r_squared,median_phase_eligible_fraction,median_phase_lag_degrees,median_phase_consistency_across_segments,numerical_initializations,severity_label,series
0.0,2Hz,Episodic proxy,1,0.0005544237749665114,0.0005529663572269503,3.403155648185293e-05,0.06154128083921547,0.9993622913585888,1.0,12.23067130077375,0.9999999986993218,20,0.0,2Hz · Episodic proxy
0.0,2Hz,Episodic proxy,2,0.000554111079201465,0.0005528489786561109,3.402432819165253e-05,0.06154127355079793,0.999988164193317,1.0,12.233015737425937,0.9999999986993218,20,0.0,2Hz · Episodic proxy
0.0,2Hz,Episodic proxy,3,0.0005541139690447704,0.0005528519352270447,3.402450966091639e-05,0.06154127364096738,0.9999886493230982,1.0,12.233775765037226,0.9999999986993218,20,0.0,2Hz · Episodic proxy
0.0,2Hz,Episodic proxy,4,0.0005541132798529867,0.0005528512449919473,3.402446714381516e-05,0.061541273610569616,0.9999886456146259,1.0,12.233784893791123,0.9999999986993218,20,0.0,2Hz · Episodic proxy
0.0,2Hz,Episodic proxy,5,0.0005541132951220223,0.0005528512578497563,3.402446792882417e-05,0.061541273608948316,0.9999886456461095,1.0,12.233802981564157,0.9999999986993218,20,0.0,2Hz · Episodic proxy
0.0,2Hz,Semantic proxy,1,0.0002807624727136044,0.00027973275484338586,1.7217151331496604e-05,0.06154128083921547,0.9980035284435869,1.0,13.347042374972837,0.9999999879118753,20,0.0,2Hz · Semantic proxy
0.0,2Hz,Semantic proxy,2,0.0002803070690368661,0.00027962457362348044,1.721048864235801e-05,0.06154127355079793,0.9999872165124363,1.0,13.328728541835364,0.9999999879118753,20,0.0,2Hz · Semantic proxy
0.0,2Hz,Semantic proxy,3,0.00028030979607741917,0.00027962738640587037,1.721066217915418e-05,0.06154127364096738,0.9999885323938993,1.0,13.33152442000776,0.9999999879118753,20,0.0,2Hz · Semantic proxy
0.0,2Hz,Semantic proxy,4,0.0002803093493499683,0.0002796269564488136,1.7210635621528196e-05,0.06154127361056962,0.9999885710732404,1.0,13.331264104428083,0.9999999879118753,20,0.0,2Hz · Semantic proxy
0.0,2Hz,Semantic proxy,5,0.00028030937936816694,0.0002796269842072715,1.721063732596893e-05,0.061541273608948316,0.9999885688208019,1.0,13.331300938881515,0.9999999879118753,20,0.0,2Hz · Semantic proxy
0.0,5Hz,Episodic proxy,1,0.0007577849409720791,0.0007562995119571503,6.208438759010064e-05,0.08208611552476541,0.9987297425884234,1.0,27.75507390513206,0.9999999810966544,20,0.0,5Hz · Episodic proxy
0.0,5Hz,Episodic proxy,2,0.0007576487523578481,0.0007562570729976039,6.208088254020171e-05,0.08208608903042104,0.9989675343375976,1.0,27.783012668741506,0.9999999810966544,20,0.0,5Hz · Episodic proxy
0.0,5Hz,Episodic proxy,3,0.0007576548853653589,0.0007562648114606394,6.208151760621049e-05,0.08208608958281355,0.9989710996927139,1.0,27.78305815422282,0.9999999810966544,20,0.0,5Hz · Episodic proxy
0.0,5Hz,Episodic proxy,4,0.0007576549357556624,0.0007562648339971734,6.20815196317904e-05,0.0820860895621805,0.9989711166407768,1.0,27.783086873247612,0.9999999810966544,20,0.0,5Hz · Episodic proxy
0.0,5Hz,Episodic proxy,5,0.0007576549357558361,0.000756264833997415,6.208151963181036e-05,0.0820860895621805,0.9989711166407768,1.0,27.783086873268427,0.9999999810966544,20,0.0,5Hz · Episodic proxy
0.0,5Hz,Semantic proxy,1,0.0003880168850086405,0.00038703256879950667,3.177457973234339e-05,0.08208611552476541,0.9979561401809727,1.0,30.66802929246103,0.9999999684221219,20,0.0,5Hz · Semantic proxy
0.0,5Hz,Semantic proxy,2,0.000387780499571082,0.0003869588821686272,3.1768526723887134e-05,0.08208608903042106,0.9986532946484352,1.0,30.716115939874676,0.9999999684221219,20,0.0,5Hz · Semantic proxy
0.0,5Hz,Semantic proxy,3,0.0003877875262962329,0.00038696801478416663,3.176927765957454e-05,0.08208608958281355,0.9986673371200389,1.0,30.716793288468377,0.9999999684221219,20,0.0,5Hz · Semantic proxy
0.0,5Hz,Semantic proxy,4,0.0003877871950300264,0.0003869675657601268,3.176924057755109e-05,0.0820860895621805,0.9986654264980912,1.0,30.71679151364225,0.9999999684221219,20,0.0,5Hz · Semantic proxy
0.0,5Hz,Semantic proxy,5,0.0003877871950294049,0.0003869675657591608,3.1769240577467975e-05,0.0820860895621805,0.9986654264932849,1.0,30.716791512691366,0.9999999684221219,20,0.0,5Hz · Semantic proxy
0.5,2Hz,Episodic proxy,1,0.014357618254476703,0.0009930208099927936,6.36661240093635e-05,0.05777411534634154,0.017501609316170508,0.21052631578947367,17.32486944216383,0.7256962835631915,20,0.5,2Hz · Episodic proxy
0.5,2Hz,Episodic proxy,2,0.04415031026968253,0.0013245995408340764,8.846691761269093e-05,0.057763968689088785,0.0017300543513821265,0.21052631578947367,10.528093314664208,0.7256962835631915,20,0.5,2Hz · Episodic proxy
0.5,2Hz,Episodic proxy,3,0.06924494233395226,0.0026289587803117647,0.00015696138387102902,0.057738659566967054,0.0014211156677373937,0.21052631578947367,20.21365977797797,0.7256962835631915,20,0.5,2Hz · Episodic proxy
0.5,2Hz,Episodic proxy,4,0.24089321017055884,0.004375548299085325,0.0003042438267413883,0.057728745126665655,0.00044378826599361654,0.21052631578947367,13.001082203333631,0.7256962835631915,20,0.5,2Hz · Episodic proxy
0.5,2Hz,Episodic proxy,5,0.36954052519528846,0.008145057370377537,0.0006040489463884321,0.05767391821549643,0.0010407763161290329,0.21052631578947367,-39.99604416329407,0.7256962835631915,20,0.5,2Hz · Episodic proxy
0.5,2Hz,Semantic proxy,1,0.015464406730944784,0.0005206100251181189,3.2489805987494634e-05,0.05777411534634153,0.003026707818296892,0.07692307692307693,24.170734113280474,0.7396019674504106,20,0.5,2Hz · Semantic proxy
0.5,2Hz,Semantic proxy,2,0.06184792507313992,0.0018581854037095784,0.00013881428417850372,0.05776396868908879,0.0011235548959964703,0.07692307692307693,12.302277633121005,0.7396019674504106,20,0.5,2Hz · Semantic proxy
0.5,2Hz,Semantic proxy,3,0.11437984655131708,0.0031832205253865455,0.0002639426749924607,0.057738659566967054,0.0010531509665723249,0.07692307692307693,18.290762669449112,0.7396019674504106,20,0.5,2Hz · Semantic proxy
0.5,2Hz,Semantic proxy,4,0.4221073004434486,0.004795642770919343,0.00033408366041130826,0.05772874512666566,0.0004803467549725493,0.07692307692307693,6.801377649633769,0.7396019674504106,20,0.5,2Hz · Semantic proxy
0.5,2Hz,Semantic proxy,5,0.5718864958830496,0.01056572773996128,0.0008168958408686337,0.05767391821549644,0.0009524027560163795,0.07692307692307693,-7.9400043143045425,0.7396019674504106,20,0.5,2Hz · Semantic proxy
0.5,5Hz,Episodic proxy,1,0.016869446282093397,0.0016240413109480296,0.0001459648774889794,0.07879147524101321,0.012264108882964642,0.39473684210526316,9.183645339405231,0.7744036790616762,20,0.5,5Hz · Episodic proxy
0.5,5Hz,Episodic proxy,2,0.04438839156581018,0.0038910777973732596,0.0004851566627575255,0.07871279557440752,0.006675158742277476,0.39473684210526316,43.637769730986946,0.7744036790616762,20,0.5,5Hz · Episodic proxy
0.5,5Hz,Episodic proxy,3,0.12333855999693893,0.009957343748830259,0.0012551782095154423,0.07867403359915742,0.004765973424344039,0.39473684210526316,14.879350818606303,0.7744036790616762,20,0.5,5Hz · Episodic proxy
0.5,5Hz,Episodic proxy,4,0.20129495306553896,0.014023992804537637,0.001577909356512768,0.07869206889862476,0.002345906586447233,0.39473684210526316,13.646138744284388,0.7744036790616762,20,0.5,5Hz · Episodic proxy
0.5,5Hz,Episodic proxy,5,0.2961897637258547,0.017116971765946475,0.0017627721061531498,0.0785852270256509,0.002805855397167656,0.39473684210526316,24.41635490366314,0.7744036790616762,20,0.5,5Hz · Episodic proxy
0.5,5Hz,Semantic proxy,1,0.017952032617209873,0.0012122789140125276,0.00011867463035078452,0.07879147524101321,0.004050028207617351,0.07692307692307693,18.73018710629019,0.5724688057142873,20,0.5,5Hz · Semantic proxy
0.5,5Hz,Semantic proxy,2,0.059298700828324016,0.005510750123121972,0.0007502296419636084,0.07871279557440752,0.002608767152360081,0.07692307692307693,49.54039384010858,0.5724688057142873,20,0.5,5Hz · Semantic proxy
0.5,5Hz,Semantic proxy,3,0.19313152913189735,0.017625202559397132,0.002673701702289282,0.07867403359915742,0.0029165972365854387,0.07692307692307693,32.50173418021111,0.5724688057142873,20,0.5,5Hz · Semantic proxy
0.5,5Hz,Semantic proxy,4,0.2783701034261467,0.021917010244845152,0.003611811919991632,0.07869206889862476,0.0015991045555769912,0.07692307692307693,43.27190203686325,0.5724688057142873,20,0.5,5Hz · Semantic proxy
0.5,5Hz,Semantic proxy,5,0.5119023691312227,0.03134206204848616,0.004734472191160046,0.0785852270256509,0.0014510122666356318,0.07692307692307693,-8.989487080188983,0.5724688057142873,20,0.5,5Hz · Semantic proxy
1.0,2Hz,Episodic proxy,1,0.030032543388019334,0.0015587159463174615,9.434569652835544e-05,0.05402082206324149,0.004092516230350396,0.4473684210526315,13.273630458037578,0.9568787775941121,20,1.0,2Hz · Episodic proxy
1.0,2Hz,Episodic proxy,2,0.05762889905539141,0.0018830191259374199,0.00012357690443769295,0.054009751069675614,0.0015224375768816412,0.4473684210526315,11.684816161257668,0.9568787775941121,20,1.0,2Hz · Episodic proxy
1.0,2Hz,Episodic proxy,3,0.07957852802532513,0.0027795061653197203,0.0002073785308613013,0.05402036475971787,0.0012737160004883674,0.4473684210526315,10.309032705112388,0.9568787775941121,20,1.0,2Hz · Episodic proxy
1.0,2Hz,Episodic proxy,4,0.11602269439157656,0.0036652872116510176,0.0002566451155058101,0.0540270602687287,0.0012325259013578616,0.4473684210526315,16.801624706841274,0.9568787775941121,20,1.0,2Hz · Episodic proxy
1.0,2Hz,Episodic proxy,5,0.18844009054517213,0.004295630032143553,0.00029485532902310857,0.05403407674866867,0.0006459336464685328,0.4473684210526315,6.036122439201793,0.9568787775941121,20,1.0,2Hz · Episodic proxy
1.0,2Hz,Semantic proxy,1,0.11969544278784301,0.005517032100701057,0.0003065945944851357,0.05402082206324149,0.002532209372505312,0.15384615384615385,-45.84721993469483,0.639057550244703,20,1.0,2Hz · Semantic proxy
1.0,2Hz,Semantic proxy,2,0.18990995989917825,0.007609204939881881,0.00041321951901690285,0.054009751069675614,0.0014199336582071398,0.15384615384615385,-29.157389198708785,0.639057550244703,20,1.0,2Hz · Semantic proxy
1.0,2Hz,Semantic proxy,3,0.25354560054749026,0.01757992869783291,0.0009503356400570872,0.05402036475971787,0.0036759390907100675,0.15384615384615385,16.118553622560164,0.639057550244703,20,1.0,2Hz · Semantic proxy
1.0,2Hz,Semantic proxy,4,0.324209612276641,0.019877199353491807,0.0011331038338934776,0.0540270602687287,0.0025543731872314512,0.15384615384615385,27.63580902472132,0.639057550244703,20,1.0,2Hz · Semantic proxy
1.0,2Hz,Semantic proxy,5,0.4074729281661078,0.02259678926014739,0.0013865688531261699,0.05403407674866867,0.001814157515748982,0.15384615384615385,41.631380035708546,0.639057550244703,20,1.0,2Hz · Semantic proxy
1.0,5Hz,Episodic proxy,1,0.020199994521989728,0.0013752863844726114,0.00011506237928648699,0.0747168425407883,0.012419551199380152,0.5,13.663000557429985,0.9119953060896346,20,1.0,5Hz · Episodic proxy
1.0,5Hz,Episodic proxy,2,0.045692353614616966,0.0017737494101106558,0.00014286746209209893,0.07472605479110322,0.003372458239736309,0.5,1.2319888107747445,0.9119953060896346,20,1.0,5Hz · Episodic proxy
1.0,5Hz,Episodic proxy,3,0.06186619134732835,0.002828431155640333,0.00024148573418478995,0.07477105282275368,0.0032181067971616684,0.5,11.28850082121099,0.9119953060896346,20,1.0,5Hz · Episodic proxy
1.0,5Hz,Episodic proxy,4,0.07769109335072003,0.0034516785525963035,0.0002760647966904815,0.07473325621848259,0.004007515753234769,0.5,21.70733630691778,0.9119953060896346,20,1.0,5Hz · Episodic proxy
1.0,5Hz,Episodic proxy,5,0.14585148441777193,0.004133314320815283,0.00036084664880603104,0.07477701860980213,0.001574122777069864,0.5,-2.505879749357267,0.9119953060896346,20,1.0,5Hz · Episodic proxy
1.0,5Hz,Semantic proxy,1,0.08279352432797357,0.007421842513484846,0.0007188793005695283,0.07471684254078831,0.006092810805966964,0.11538461538461539,-20.01809729176664,0.6873573764189798,20,1.0,5Hz · Semantic proxy
1.0,5Hz,Semantic proxy,2,0.13090167504043382,0.012609510817885732,0.0009971085948984647,0.07472605479110322,0.00864150862721702,0.11538461538461539,-46.69763747838883,0.6873573764189798,20,1.0,5Hz · Semantic proxy
1.0,5Hz,Semantic proxy,3,0.18055294617734285,0.01662664777387248,0.0015566781169271068,0.07477105282275368,0.008385965685039964,0.11538461538461539,-63.90299632441689,0.6873573764189798,20,1.0,5Hz · Semantic proxy
1.0,5Hz,Semantic proxy,4,0.23598134150905492,0.021810282311435062,0.0018255483967270676,0.07473325621848259,0.008865851406607228,0.11538461538461539,-43.07626110393677,0.6873573764189798,20,1.0,5Hz · Semantic proxy
1.0,5Hz,Semantic proxy,5,0.2989938520817538,0.025232419360090214,0.00217766059231598,0.07477701860980213,0.00477686567781338,0.11538461538461539,-49.28123639551505,0.6873573764189798,20,1.0,5Hz · Semantic proxy
